Rk,Player,Age,Team,Pos,G,GS,Pnt,Yds,Y/P,RetYds,NetYds,NY/P,Lng,TB,TB%,Pnt20,In20%,Blck,Awards,Year
1,Corey Bojorquez,29,CLE,P,8,0,42,1902,45.3,194,1588,36.9,67,6,14.3,16,38.1,1,2025
2,Jeremy Crawshaw,24,DEN,P,8,0,38,1809,47.6,157,1572,41.4,63,4,10.5,18,47.4,0,2025
3,Johnny Hekker,35,TEN,P,8,0,37,1738,47.0,176,1506,40.7,65,3,8.1,12,32.4,0,2025
4,Ryan Rehkow,27,CIN,P,8,0,37,1953,52.8,242,1571,42.5,70,7,18.9,11,29.7,0,2025
5,Braden Mann,28,PHI,P,8,0,34,1781,52.4,271,1430,42.1,70,4,11.8,7,20.6,0,2025
6,Jamie Gillan,28,NYG,P,8,0,32,1430,44.7,93,1277,39.9,69,3,9.4,12,37.5,0,2025
7,Austin McNamara,24,NYJ,P,8,0,31,1470,47.4,75,1355,43.7,58,2,6.5,11,35.5,0,2025
8,Logan Cooke,30,JAX,P,7,0,30,1441,48.0,62,1299,43.3,62,4,13.3,10,33.3,0,2025
9,Riley Dixon,32,TAM,P,8,0,30,1401,46.7,132,1229,38.4,62,2,6.7,12,40.0,2,2025
10,Ryan Wright,25,MIN,P,7,0,29,1397,48.2,86,1311,45.2,77,0,0.0,10,34.5,0,2025
11,Bryan Anger,37,DAL,P,8,0,28,1321,47.2,160,1161,41.5,60,0,0.0,11,39.3,0,2025
12,Bryce Baringer,26,NWE,P,8,0,27,1253,46.4,168,1025,38.0,73,3,11.1,10,37.0,0,2025
13,Jack Fox,29,DET,P,7,0,27,1274,47.2,203,1134,42.0,66,0,0.0,14,51.9,0,2025
14,Sam Martin,35,CAR,P,8,0,27,1293,47.9,279,994,36.8,68,1,3.7,11,40.7,0,2025
15,Tommy Townsend,29,HOU,P,7,0,27,1303,48.3,127,1136,42.1,66,2,7.4,9,33.3,0,2025
16,Jake Bailey,28,MIA,P,8,0,26,1282,49.3,73,1212,46.6,64,0,0.0,11,42.3,0,2025
17,Michael Dickson,29,SEA,P,7,0,26,1276,49.1,144,1093,42.0,58,2,7.7,10,38.5,0,2025
18,Kai Kroeger,23,NOR,P,8,0,26,1159,44.6,183,936,34.7,61,2,7.7,7,26.9,1,2025
19,Thomas Morstead,39,SFO,P,8,0,25,1126,45.0,186,920,36.8,54,1,4.0,12,48.0,0,2025
20,Tress Way,35,WAS,P,8,0,25,1218,48.7,52,1106,44.2,64,3,12.0,11,44.0,0,2025
21,AJ Cole III,30,LVR,P,7,0,24,1167,48.6,177,943,37.7,63,2,8.3,8,33.3,1,2025
22,Tory Taylor,28,CHI,P,7,0,24,1145,47.7,131,974,40.6,65,2,8.3,7,29.2,0,2025
23,Corliss Waitman,30,PIT,P,7,0,23,1088,47.3,100,949,41.3,64,2,8.7,8,34.8,0,2025
24,Ethan Evans,24,LAR,P,7,0,22,1077,49.0,142,915,41.6,68,1,4.5,11,50.0,0,2025
25,Blake Gillikin,27,ARI,P,5,0,22,1138,51.7,99,999,45.4,63,2,9.1,8,36.4,0,2025
26,Bradley Pinion,31,ATL,P,7,0,22,982,44.6,107,864,39.3,61,1,4.5,9,40.9,0,2025
27,Daniel Whelan,26,GNB,P,7,0,22,1142,51.9,131,951,43.2,65,3,13.6,6,27.3,0,2025
28,JK Scott,30,LAC,P,8,0,20,1000,50.0,100,860,43.0,60,2,10.0,8,40.0,0,2025
29,Matt Araiza,25,KAN,P,8,0,19,842,44.3,50,792,41.7,69,0,0.0,11,57.9,0,2025
30,Jordan Stout,27,BAL,P,7,0,19,948,49.9,35,873,45.9,63,2,10.5,8,42.1,0,2025
31,Rigoberto Sanchez,31,IND,P,8,0,16,797,49.8,17,760,47.5,57,1,6.3,8,50.0,0,2025
32,Mitch Wishnowsky,33,BUF,P,3,0,11,489,44.5,23,466,42.4,54,0,0.0,7,63.6,0,2025
33,Cameron Johnston,33,BUF,P,3,0,7,308,44.0,43,265,37.9,48,0,0.0,2,28.6,0,2025
34,Brad Robbins,27,BUF,P,1,0,4,158,39.5,6,152,38.0,48,0,0.0,1,25.0,0,2025
35,Pat O'Donnell,34,ARI,P,2,0,3,134,44.7,0,114,38.0,49,1,33.3,1,33.3,0,2025
36,Daniel Carlson,30,LVR,K,7,0,1,30,30.0,0,30,30.0,30,0,0.0,0,0.0,0,2025
1,Corey Bojorquez,28,CLE,P,17,0,89,4387,49.3,530,3717,41.8,84,7,7.9,36,40.4,0,2025
2,Tory Taylor,27,CHI,P,17,0,82,3911,47.7,424,3407,41.5,68,4,4.9,34,41.5,0,2025
3,Riley Dixon,31,DEN,P,17,0,77,3597,46.7,251,3246,42.2,65,5,6.5,33,42.9,0,2025
4,Michael Dickson,28,SEA,P,17,0,76,3756,49.4,284,3292,43.3,68,9,11.8,31,40.8,0,2025
5,Tommy Townsend,28,HOU,P,17,0,76,3649,48.0,125,3384,43.9,69,7,9.2,39,51.3,1,2025
6,Matthew Hayball,27,NOR,P,17,0,75,3303,44.0,213,3030,40.4,64,3,4.0,41,54.7,0,2025
7,Johnny Hekker,34,CAR,P,17,0,73,3338,45.7,178,3094,41.8,65,3,4.1,24,32.9,1,2025
8,Ryan Stonehouse,25,TEN,P,17,0,73,3691,50.6,655,2896,38.6,75,7,9.6,22,30.1,2,2025
9,JK Scott,29,LAC,P,17,0,72,3362,46.7,268,3014,41.9,67,4,5.6,28,38.9,0,2025
10,Bryce Baringer,25,NWE,P,17,0,70,3486,49.8,406,2920,41.7,75,8,11.4,31,44.3,0,2025
11,Logan Cooke,29,JAX,P,17,0,68,3359,49.4,251,3048,44.8,73,3,4.4,34,50.0,0,2025
12,Rigoberto Sanchez,30,IND,P,17,0,68,3382,49.7,406,2896,42.6,65,4,5.9,27,39.7,0,2025
13,AJ Cole III,29,LVR,P,17,0,65,3304,50.8,294,2850,42.5,71,8,12.3,27,41.5,2,2025
14,Corliss Waitman,29,PIT,P,16,0,65,3015,46.4,192,2723,41.9,71,5,7.7,27,41.5,0,2025
15,Thomas Morstead,38,NYJ,P,17,0,63,2972,47.2,256,2576,40.9,75,7,11.1,20,31.7,0,2025
16,Bryan Anger,36,DAL,P,17,0,62,3005,48.5,343,2602,42.0,62,3,4.8,24,38.7,0,2025
17,Matt Araiza,24,KAN,P,17,0,62,3027,48.8,253,2593,41.8,72,9,14.5,25,40.3,0,2025
18,Jake Bailey,27,MIA,P,17,0,56,2639,47.1,230,2329,40.9,64,5,8.9,22,39.3,1,2025
19,Jamie Gillan,27,NYG,P,13,0,56,2448,43.7,135,2273,40.6,67,2,3.6,27,48.2,0,2025
20,Daniel Whelan,25,GNB,P,17,0,56,2582,46.1,229,2253,40.2,74,5,8.9,22,39.3,0,2025
21,Ryan Wright,24,MIN,P,17,0,56,2604,46.5,196,2310,40.5,66,5,8.9,27,48.2,1,2025
22,Ethan Evans,23,LAR,P,16,0,55,2530,46.0,198,2292,41.7,68,2,3.6,30,54.5,0,2025
23,Jordan Stout,26,BAL,P,17,0,55,2551,46.4,164,2267,41.2,70,6,10.9,22,40.0,0,2025
24,Braden Mann,27,PHI,P,17,0,54,2633,48.8,183,2310,42.0,70,7,13.0,20,37.0,1,2025
25,Sam Martin,34,BUF,P,17,0,54,2523,46.7,213,2210,40.2,65,5,9.3,25,46.3,1,2025
26,Ryan Rehkow,26,CIN,P,17,0,53,2603,49.1,228,2295,43.3,80,5,9.4,25,47.2,0,2025
27,Tress Way,34,WAS,P,17,0,50,2343,46.9,148,2155,43.1,74,2,4.0,22,44.0,0,2025
28,Bradley Pinion,30,ATL,P,17,0,47,2209,47.0,305,1821,38.7,65,4,8.5,14,29.8,0,2025
29,Jack Fox,28,DET,P,17,0,45,2295,51.0,136,2079,46.2,68,4,8.9,22,48.9,0,2025
30,Blake Gillikin,26,ARI,P,13,0,38,1887,49.7,183,1680,44.2,63,1,2.6,19,50.0,0,2025
31,Trenton Gill,25,TAM,P,8,0,27,1169,43.3,103,1046,38.7,57,1,3.7,9,33.3,0,2025
32,Pat O'Donnell,33,SFO,P,8,0,24,1082,45.1,101,961,40.0,56,1,4.2,8,33.3,0,2025
33,Mitch Wishnowsky,32,SFO,P,9,0,22,994,45.2,160,834,36.3,58,0,0.0,11,50.0,1,2025
34,Matt Haack,30,NYG,P,4,0,21,988,47.0,139,829,39.5,66,1,4.8,9,42.9,0,2025
35,Jake Camarda,25,TAM,P,4,0,13,589,45.3,115,474,36.5,67,0,0.0,5,38.5,0,2025
36,Michael Palardy,32,ARI,P,4,0,13,559,43.0,31,508,39.1,54,1,7.7,1,7.7,0,2025
37,Jack Browning,23,TAM,P,5,0,10,425,42.5,59,346,34.6,54,1,10.0,0,0.0,0,2025
38,Ty Zentner,26,LAR,P,1,0,7,281,40.1,13,268,33.5,53,0,0.0,3,42.9,1,2025
39,Chad Ryland,25,ARI,K,13,0,3,117,39.0,0,117,39.0,44,0,0.0,0,0.0,0,2025
40,Cameron Johnston,32,PIT,P,1,0,2,103,51.5,28,75,37.5,58,0,0.0,1,50.0,0,2025
41,Chris Boswell,33,PIT,K,17,0,1,43,43.0,0,43,43.0,43,0,0.0,0,0.0,0,2025
1,Thomas Morstead,37,NYJ,P,17,0,99,4831,48.8,532,4139,41.8,62,8,8.1,36,36.4,0,2025
2,Bryce Baringer,24,NWE,P,17,0,98,4598,46.9,441,3997,40.8,79,8,8.2,38,38.8,0,2025
3,Jamie Gillan,26,NYG,P,17,0,95,4372,46.0,271,4021,42.3,74,4,4.2,35,36.8,0,2025
4,Corey Bojorquez,27,CLE,P,16,0,87,4294,49.4,421,3693,42.4,73,9,10.3,31,35.6,0,2025
5,Johnny Hekker,33,CAR,P,17,0,82,3838,46.8,210,3528,43.0,69,5,6.1,26,31.7,0,2025
6,Riley Dixon,30,DEN,P,17,0,79,3659,46.3,202,3337,42.2,68,6,7.6,27,34.2,0,2025
7,Pressley Harvin III,25,PIT,P,15,0,78,3419,43.8,249,3050,39.1,63,6,7.7,30,38.5,0,2025
8,Jake Camarda,24,TAM,P,17,0,77,3854,50.1,455,3229,41.9,74,9,11.7,26,33.8,0,2025
9,Brad Robbins,25,CIN,P,17,0,76,3369,44.3,210,3058,40.2,62,5,6.6,20,26.3,0,2025
10,AJ Cole III,28,LVR,P,17,0,75,3783,50.4,287,3376,45.0,83,6,8.0,34,45.3,0,2025
11,Lou Hedley,30,NOR,P,17,0,75,3224,43.0,166,2978,39.7,62,4,5.3,31,41.3,0,2025
12,Bradley Pinion,29,ATL,P,17,0,75,3523,47.0,353,3110,41.5,66,3,4.0,27,36.0,0,2025
13,JK Scott,28,LAC,P,17,0,75,3475,46.3,226,3169,42.3,83,4,5.3,30,40.0,0,2025
14,Tress Way,33,WAS,P,17,0,73,3361,46.0,272,3053,41.3,66,2,2.7,30,41.1,1,2025
15,Rigoberto Sanchez,29,IND,P,17,0,68,3281,48.3,360,2921,43.0,69,0,0.0,21,30.9,0,2025
16,Trenton Gill,24,CHI,P,17,0,67,3088,46.1,381,2547,38.0,76,8,11.9,18,26.9,0,2025
17,Michael Dickson,27,SEA,P,17,0,66,3303,50.0,230,2913,44.1,73,8,12.1,25,37.9,0,2025
18,Cameron Johnston,31,HOU,P,13,0,66,3145,47.7,189,2896,43.9,74,3,4.5,30,45.5,0,2025
19,Jordan Stout,25,BAL,P,17,0,66,3158,47.8,436,2622,39.1,67,5,7.6,28,42.4,1,2025
20,Ethan Evans,22,LAR,P,17,0,63,3101,49.2,495,2466,38.5,72,7,11.1,20,31.7,1,2025
21,Logan Cooke,28,JAX,P,17,0,61,2893,47.4,145,2668,43.7,65,4,6.6,29,47.5,0,2025
22,Tommy Townsend,27,KAN,P,17,0,59,2776,47.1,207,2473,41.9,68,5,8.5,20,33.9,0,2025
23,Ryan Wright,23,MIN,P,17,0,59,2873,48.7,260,2486,42.1,68,7,11.9,17,28.8,0,2025
24,Jack Fox,27,DET,P,17,0,57,2646,46.4,164,2382,41.8,70,5,8.8,26,45.6,0,2025
25,Daniel Whelan,24,GNB,P,17,0,57,2634,46.2,270,2264,39.7,68,5,8.8,18,31.6,0,2025
26,Jake Bailey,26,MIA,P,17,0,53,2424,45.7,207,2157,40.7,66,3,5.7,20,37.7,0,2025
27,Ryan Stonehouse,24,TEN,P,12,0,53,2812,53.1,243,2369,44.7,74,10,18.9,28,52.8,0,2025
28,Mitch Wishnowsky,31,SFO,P,17,0,52,2480,47.7,220,2220,42.7,67,2,3.8,26,50.0,0,2025
29,Blake Gillikin,25,ARI,P,13,0,51,2580,50.6,318,2222,43.6,77,2,3.9,11,21.6,0,2025
30,Sam Martin,33,BUF,P,17,0,51,2334,45.8,240,2034,39.9,70,3,5.9,24,47.1,0,2025
31,Bryan Anger,35,DAL,P,17,0,44,2262,51.4,247,1995,45.3,63,2,4.5,17,38.6,0,2025
32,Braden Mann,26,PHI,P,15,0,44,2190,49.8,244,1926,43.8,63,1,2.3,15,34.1,0,2025
33,Ty Zentner,25,2TM,P,9,0,38,1705,44.9,91,1534,40.4,64,4,10.5,10,26.3,0,2025
33,Ty Zentner,25,HOU,K,4,0,14,590,42.1,9,541,38.6,54,2,14.3,2,14.3,0,2025
33,Ty Zentner,25,TEN,P,5,0,24,1115,46.5,82,993,41.4,64,2,8.3,8,33.3,0,2025
34,Nolan Cooney,27,ARI,P,4,0,13,592,45.5,48,524,40.3,56,1,7.7,2,15.4,0,2025
35,Brad Wing,32,PIT,P,2,0,11,495,45.0,27,428,38.9,52,2,18.2,3,27.3,0,2025
36,Arryn Siposs,31,PHI,P,2,0,8,347,43.4,40,307,38.4,54,0,0.0,2,25.0,0,2025
37,Matt Haack,29,CLE,P,1,0,3,155,51.7,30,125,41.7,56,0,0.0,0,0.0,0,2025
38,Nick Folk,39,TEN,K,17,0,2,81,40.5,3,78,39.0,41,0,0.0,0,0.0,0,2025
39,Greg Joseph,29,MIN,K,17,0,1,14,14.0,17,-3,-3.0,14,0,0.0,0,0.0,0,2025
1,Corliss Waitman,27,DEN,P,17,0,96,4470,46.6,369,3981,41.5,59,6,6.3,30,31.3,0,2025
2,Ryan Stonehouse,23,TEN,P,17,0,90,4779,53.1,636,3963,44.0,74,9,10.0,30,33.3,0,2025
3,Cameron Johnston,30,HOU,P,17,0,88,4229,48.1,405,3744,42.5,67,4,4.5,37,42.0,0,2025
4,Braden Mann,25,NYJ,P,17,0,83,3889,46.9,363,3386,40.8,72,8,9.6,27,32.5,0,2025
5,Tress Way,32,WAS,P,17,0,83,3885,46.8,212,3567,43.0,68,5,6.0,37,44.6,0,2025
6,Johnny Hekker,32,CAR,P,17,0,81,3925,48.5,231,3594,44.4,68,6,7.4,39,48.1,0,2025
7,Jake Camarda,23,TAM,P,17,0,79,3859,48.8,374,3285,41.6,74,10,12.7,22,27.8,0,2025
8,Blake Gillikin,24,NOR,P,17,0,77,3571,46.4,232,3199,41.5,68,7,9.1,32,41.6,0,2025
9,Jamie Gillan,25,NYG,P,17,0,74,3463,46.8,321,3001,40.0,69,9,12.2,26,35.1,1,2025
10,JK Scott,27,LAC,P,17,0,73,3186,43.6,66,3020,41.4,60,5,6.8,28,38.4,0,2025
11,Ryan Wright,22,MIN,P,17,0,73,3457,47.4,294,3143,42.5,73,1,1.4,32,43.8,1,2025
12,Riley Dixon,29,LAR,P,17,0,71,3434,48.4,372,2982,40.8,67,4,5.6,19,26.8,2,2025
13,Matt Haack,28,IND,P,17,0,70,3133,44.8,196,2877,40.5,70,3,4.3,28,40.0,1,2025
14,Pressley Harvin III,24,PIT,P,17,0,69,3072,44.5,137,2835,41.1,69,5,7.2,20,29.0,0,2025
15,Bryan Anger,34,DAL,P,17,0,68,3291,48.4,259,2912,42.8,83,6,8.8,27,39.7,0,2025
16,Andy Lee,40,ARI,P,17,0,67,3157,47.1,340,2737,40.3,65,4,6.0,18,26.9,1,2025
17,Michael Dickson,26,SEA,P,17,0,66,3199,48.5,207,2932,44.4,68,3,4.5,22,33.3,0,2025
18,Trenton Gill,23,CHI,P,17,0,66,3038,46.0,323,2655,39.6,63,3,4.5,20,30.3,1,2025
19,Bradley Pinion,28,ATL,P,17,0,62,2845,45.9,250,2555,41.2,73,2,3.2,23,37.1,0,2025
20,Corey Bojorquez,26,CLE,P,17,0,61,2959,48.5,319,2500,41.0,76,7,11.5,23,37.7,0,2025
21,Thomas Morstead,36,MIA,P,17,0,61,2828,46.4,312,2476,40.6,66,2,3.3,28,45.9,0,2025
22,Mitch Wishnowsky,30,SFO,P,17,0,61,2631,43.1,154,2422,39.7,74,5,8.2,32,52.5,0,2025
23,AJ Cole III,27,LVR,P,17,0,59,2884,48.9,274,2590,43.9,67,1,1.7,26,44.1,0,2025
24,Logan Cooke,27,JAX,P,17,0,58,2862,49.3,203,2539,43.8,70,6,10.3,24,41.4,0,2025
25,Jordan Stout,24,BAL,P,17,0,57,2618,45.9,155,2288,40.1,69,7,12.3,26,45.6,0,2025
26,Tommy Townsend,26,KAN,P,17,0,53,2672,50.4,176,2416,45.6,76,4,7.5,22,41.5,0,2025
27,Jack Fox,26,DET,P,17,0,52,2525,48.6,313,2152,41.4,66,3,5.8,14,26.9,0,2025
28,Pat O'Donnell,31,GNB,P,17,0,52,2313,44.5,196,2097,38.8,72,1,1.9,24,46.2,2,2025
29,Sam Martin,32,BUF,P,16,0,45,2146,47.7,151,1895,41.2,67,5,11.1,16,35.6,1,2025
30,Arryn Siposs,30,PHI,P,13,0,44,2005,45.6,163,1782,39.6,59,3,6.8,16,36.4,1,2025
31,Michael Palardy,30,NWE,P,8,0,42,1781,42.4,122,1559,36.3,58,5,11.9,10,23.8,1,2025
32,Jake Bailey,25,NWE,P,9,0,37,1557,42.1,157,1300,35.1,62,5,13.5,12,32.4,0,2025
33,Kevin Huber,37,CIN,P,9,0,31,1340,43.2,160,1160,37.4,63,1,3.2,9,29.0,0,2025
34,Drue Chrisman,25,CIN,P,7,0,28,1338,47.8,106,1192,42.6,65,2,7.1,13,46.4,0,2025
35,Brett Kern,36,PHI,P,4,0,10,408,40.8,42,366,36.6,53,0,0.0,1,10.0,0,2025
36,Jake Elliott,27,PHI,K,16,0,1,35,35.0,0,35,35.0,35,0,0.0,0,0.0,0,2025
1,Cameron Johnston,29,HOU,P,17,0,88,4108,46.7,355,3673,41.7,69,4,4.5,37,42.0,0,2025
2,Michael Dickson,25,SEA,P,17,0,83,3895,46.9,239,3456,41.6,68,10,12.0,40,48.2,0,2025
3,Blake Gillikin,23,NOR,P,17,0,83,3956,47.7,417,3449,41.6,63,4,4.8,29,34.9,0,2025
4,Jordan Berry,30,MIN,P,17,0,78,3624,46.5,343,3221,41.3,64,3,3.8,26,33.3,0,2025
5,Michael Palardy,29,MIA,P,17,0,78,3489,44.7,262,3147,40.3,65,5,6.4,31,39.7,0,2025
6,Riley Dixon,28,NYG,P,17,0,74,3283,44.4,237,2926,39.5,63,6,8.1,24,32.4,0,2025
7,Sam Koch,39,BAL,P,17,0,71,3149,44.4,228,2841,40.0,61,4,5.6,26,36.6,0,2025
8,Pressley Harvin III,23,PIT,P,15,0,70,2982,42.6,261,2661,38.0,64,3,4.3,25,35.7,0,2025
9,Sam Martin,31,DEN,P,17,0,67,3083,46.0,149,2869,42.8,68,3,4.5,28,41.8,0,2025
10,Kevin Huber,36,CIN,P,17,0,66,3064,46.4,235,2709,41.0,61,6,9.1,22,33.3,0,2025
11,Bryan Anger,33,DAL,P,17,0,65,3143,48.4,167,2896,44.6,63,4,6.2,24,36.9,0,2025
12,Jack Fox,25,DET,P,17,0,65,3198,49.2,308,2750,42.3,70,7,10.8,17,26.2,0,2025
13,AJ Cole III,26,LVR,P,17,0,64,3202,50.0,347,2715,42.4,71,7,10.9,28,43.8,0,2025
14,Logan Cooke,26,JAX,P,15,0,64,3026,47.3,173,2833,44.3,68,1,1.6,28,43.8,0,2025
15,Pat O'Donnell,30,CHI,P,17,0,62,2865,46.2,375,2390,38.5,72,5,8.1,19,30.6,0,2025
16,Tress Way,31,WAS,P,16,0,60,2901,48.4,237,2524,42.1,66,7,11.7,22,36.7,0,2025
17,Rigoberto Sanchez,27,IND,P,17,0,59,2627,44.5,267,2340,39.7,79,1,1.7,24,40.7,0,2025
18,Mitch Wishnowsky,29,SFO,P,17,0,57,2566,45.0,156,2310,40.5,67,5,8.8,21,36.8,0,2025
19,Bradley Pinion,27,TAM,P,15,0,56,2378,42.5,164,2174,38.8,65,2,3.6,23,41.1,0,2025
20,Arryn Siposs,29,PHI,P,17,0,55,2416,43.9,226,2130,38.7,68,3,5.5,17,30.9,0,2025
21,Corey Bojorquez,25,GNB,P,17,0,53,2467,46.5,268,2119,40.0,82,4,7.5,18,34.0,0,2025
22,Matt Haack,27,BUF,P,17,0,52,2234,43.0,94,2000,37.7,63,7,13.5,18,34.6,1,2025
23,Johnny Hekker,31,LAR,P,17,0,51,2252,44.2,63,2169,42.5,59,1,2.0,23,45.1,0,2025
24,Andy Lee,39,ARI,P,16,0,51,2501,49.0,321,2080,40.8,62,5,9.8,11,21.6,0,2025
25,Jake Bailey,24,NWE,P,17,0,49,2316,47.3,138,2058,39.6,71,6,12.2,23,46.9,3,2025
26,Dustin Colquitt,39,2TM,P,11,0,48,2134,44.5,198,1876,38.3,66,3,6.3,13,27.1,1,2025
26,Dustin Colquitt,39,ATL,P,6,0,23,1096,47.7,102,974,40.6,66,1,4.3,7,30.4,1,2025
26,Dustin Colquitt,39,CLE,P,5,0,25,1038,41.5,96,902,36.1,56,2,8.0,6,24.0,0,2025
27,Brett Kern,35,TEN,P,14,0,47,2105,44.8,186,1899,40.4,59,1,2.1,18,38.3,0,2025
28,Ty Long,28,LAC,P,17,0,46,2091,45.5,324,1727,36.7,69,2,4.3,10,21.7,1,2025
29,Thomas Morstead,35,2TM,P,14,0,45,2123,47.2,201,1882,41.8,64,2,4.4,18,40.0,0,2025
29,Thomas Morstead,35,NYJ,P,7,0,23,1108,48.2,119,989,43.0,59,0,0.0,7,30.4,0,2025
29,Thomas Morstead,35,ATL,P,7,0,22,1015,46.1,82,893,40.6,64,2,9.1,11,50.0,0,2025
30,Jamie Gillan,24,CLE,P,12,0,42,1842,43.9,175,1647,39.2,65,1,2.4,15,35.7,0,2025
31,Braden Mann,24,NYJ,P,10,0,41,1875,45.7,151,1704,40.6,63,1,2.4,14,34.1,1,2025
32,Lac Edwards,29,CAR,P,10,0,38,1821,47.9,246,1535,39.4,62,2,5.3,8,21.1,1,2025
33,Tommy Townsend,25,KAN,P,16,0,37,1766,47.7,64,1622,43.8,68,3,8.1,20,54.1,0,2025
34,Joseph Charlton,24,2TM,P,6,0,24,973,40.5,40,913,38.0,57,1,4.2,8,33.3,0,2025
34,Joseph Charlton,24,CAR,P,5,0,21,821,39.1,33,788,37.5,54,0,0.0,8,38.1,0,2025
34,Joseph Charlton,24,JAX,P,1,0,3,152,50.7,7,125,41.7,57,1,33.3,0,0.0,0,2025
35,Cameron Nizialek,26,ATL,P,4,0,18,817,45.4,61,716,39.8,62,2,11.1,6,33.3,0,2025
36,Ryan Winslow,27,3TM,P,4,0,16,625,39.1,26,599,37.4,46,0,0.0,3,18.8,0,2025
36,Ryan Winslow,27,CAR,P,2,0,13,502,38.6,19,483,37.2,46,0,0.0,3,23.1,0,2025
36,Ryan Winslow,27,ARI,P,1,0,1,39,39.0,0,39,39.0,39,0,0.0,0,0.0,0,2025
36,Ryan Winslow,27,WAS,P,1,0,2,84,42.0,7,77,38.5,46,0,0.0,0,0.0,0,2025
37,Johnny Townsend,26,2TM,P,4,0,13,556,42.8,58,478,36.8,63,1,7.7,2,15.4,0,2025
37,Johnny Townsend,26,TEN,P,3,0,11,465,42.3,38,407,37.0,63,1,9.1,2,18.2,0,2025
37,Johnny Townsend,26,KAN,P,1,0,2,91,45.5,20,71,35.5,50,0,0.0,0,0.0,0,2025
38,Corliss Waitman,26,PIT,P,2,0,7,365,52.1,47,298,42.6,63,1,14.3,1,14.3,0,2025
39,Matt Ammendola,25,NYJ,K,11,0,6,291,48.5,36,255,42.5,65,0,0.0,2,33.3,0,2025
40,Sterling Hofrichter,25,TAM,P,2,0,6,227,37.8,16,205,34.2,45,0,0.0,3,50.0,0,2025
41,JK Scott,26,JAX,P,1,0,4,159,39.8,0,159,39.8,47,0,0.0,0,0.0,0,2025
42,Robbie Gould,39,SFO,K,13,0,2,90,45.0,0,90,45.0,47,0,0.0,1,50.0,0,2025
43,Younghoe Koo,27,ATL,K,17,0,2,70,35.0,0,70,35.0,45,0,0.0,0,0.0,0,2025
44,Harrison Butker,26,KAN,K,16,0,1,31,31.0,0,31,31.0,31,0,0.0,1,100.0,0,2025
45,Zane Gonzalez,26,CAR,K,12,0,1,40,40.0,0,20,20.0,40,1,100.0,0,0.0,0,2025
46,Tristan Vizcaino,25,LAC,K,6,0,1,32,32.0,6,26,26.0,32,0,0.0,1,100.0,0,2025
1,Braden Mann,23,NYJ,P,16,0,82,3598,43.9,446,3052,37.2,60,5,6.1,19,23.2,0,2025
2,Tress Way,30,WAS,P,16,0,73,3504,48.0,209,3235,44.3,65,3,4.1,23,31.5,0,2025
3,Kevin Huber,35,CIN,P,16,0,71,3350,47.2,170,3040,42.8,72,7,9.9,19,26.8,0,2025
4,Cameron Johnston,28,PHI,P,16,0,71,3318,46.7,274,2924,40.6,66,6,8.5,26,36.6,1,2025
5,Matt Haack,26,MIA,P,16,0,68,3040,44.7,297,2703,39.8,63,2,2.9,26,38.2,0,2025
6,Johnny Hekker,30,LAR,P,16,0,68,3099,45.6,297,2702,39.2,63,5,7.4,28,41.2,1,2025
7,Mitch Wishnowsky,28,SFO,P,16,0,66,3093,46.9,183,2790,41.6,60,6,9.1,25,37.9,1,2025
8,Riley Dixon,27,NYG,P,16,0,65,2911,44.8,232,2559,38.8,71,6,9.2,28,43.1,1,2025
9,Sam Martin,30,DEN,P,16,0,65,3040,46.8,226,2734,41.4,69,4,6.2,19,29.2,1,2025
10,Pat O'Donnell,29,CHI,P,16,0,64,2924,45.7,294,2530,39.5,64,5,7.8,28,43.8,0,2025
11,Thomas Morstead,34,NOR,P,16,0,62,2674,43.1,46,2588,41.7,58,2,3.2,23,37.1,0,2025
12,Michael Dickson,24,SEA,P,16,0,61,3028,49.6,199,2709,44.4,67,6,9.8,32,52.5,0,2025
13,Jack Fox,24,DET,P,16,0,59,2897,49.1,116,2641,44.8,67,7,11.9,26,44.1,0,2025
14,Andy Lee,38,ARI,P,16,0,58,2600,44.8,201,2299,39.6,61,5,8.6,21,36.2,0,2025
15,Jordan Berry,29,PIT,P,11,0,57,2609,45.8,242,2307,40.5,62,3,5.3,23,40.4,0,2025
16,Ty Long,27,LAC,P,16,0,57,2669,46.8,564,2045,34.1,63,3,5.3,12,21.1,3,2025
17,Logan Cooke,25,JAX,P,14,0,56,2669,47.7,148,2421,43.2,67,5,8.9,19,33.9,0,2025
18,Sterling Hofrichter,24,ATL,P,16,0,56,2381,42.5,142,2199,39.3,57,2,3.6,17,30.4,0,2025
19,Jake Bailey,23,NWE,P,16,0,55,2678,48.7,71,2507,45.6,71,5,9.1,31,56.4,0,2025
20,Bradley Pinion,26,TAM,P,16,0,55,2486,45.2,236,2210,40.2,62,2,3.6,19,34.5,0,2025
21,Bryan Anger,32,HOU,P,16,0,54,2505,46.4,128,2257,41.8,67,6,11.1,19,35.2,0,2025
22,Britton Colquitt,35,MIN,P,16,0,54,2435,45.1,321,2054,36.7,59,3,5.6,11,20.4,2,2025
23,Tommy Townsend,24,KAN,P,16,0,52,2339,45.0,119,2100,40.4,67,6,11.5,20,38.5,0,2025
24,Jamie Gillan,23,CLE,P,16,0,51,2244,44.0,229,1955,38.3,59,3,5.9,14,27.5,0,2025
25,Sam Koch,38,BAL,P,15,0,51,2268,44.5,82,2166,42.5,59,1,2.0,22,43.1,0,2025
26,JK Scott,25,GNB,P,16,0,46,2092,45.5,291,1741,37.0,62,3,6.5,15,32.6,1,2025
27,Joseph Charlton,23,CAR,P,16,0,45,2082,46.3,184,1838,40.8,67,3,6.7,21,46.7,0,2025
28,AJ Cole III,25,LVR,P,16,0,44,1939,44.1,133,1766,40.1,63,2,4.5,20,45.5,0,2025
29,Rigoberto Sanchez,26,IND,P,14,0,42,1940,46.2,141,1719,40.0,60,4,9.5,18,42.9,1,2025
30,Corey Bojorquez,24,BUF,P,16,0,41,2082,50.8,138,1804,44.0,72,7,17.1,18,43.9,0,2025
31,Brett Kern,34,TEN,P,13,0,37,1695,45.8,100,1535,41.5,66,3,8.1,22,59.5,0,2025
32,Hunter Niswander,26,DAL,P,8,0,26,1228,47.2,95,1093,42.0,58,2,7.7,10,38.5,0,2025
33,Dustin Colquitt,38,2TM,P,6,0,26,1133,43.6,103,990,38.1,59,2,7.7,8,30.8,0,2025
33,Dustin Colquitt,38,PIT,P,5,0,20,861,43.1,78,743,37.2,59,2,10.0,6,30.0,0,2025
33,Dustin Colquitt,38,JAX,P,1,0,6,272,45.3,25,247,41.2,53,0,0.0,2,33.3,0,2025
34,Chris Jones,31,DAL,P,8,0,24,1022,42.6,37,965,40.2,54,1,4.2,5,20.8,0,2025
35,Ryan Allen,30,2TM,P,3,0,14,680,48.6,100,540,38.6,65,2,14.3,2,14.3,0,2025
35,Ryan Allen,30,TEN,P,1,0,8,404,50.5,64,320,40.0,65,1,12.5,0,0.0,0,2025
35,Ryan Allen,30,IND,P,2,0,6,276,46.0,36,220,36.7,51,1,16.7,2,33.3,0,2025
36,Trevor Daniel,26,TEN,P,2,0,4,157,39.3,7,150,30.0,52,0,0.0,0,0.0,1,2025
37,Aldrick Rosas,26,JAX,K,6,0,3,110,36.7,23,87,29.0,44,0,0.0,0,0.0,0,2025
38,Jake Elliott,25,PHI,K,16,0,2,77,38.5,0,77,38.5,42,0,0.0,1,50.0,0,2025
39,Johnny Townsend,25,BAL,P,1,0,2,100,50.0,26,74,37.0,55,0,0.0,0,0.0,0,2025
40,Ka'imi Fairbairn,26,HOU,K,16,0,1,26,26.0,0,26,26.0,26,0,0.0,1,100.0,0,2025
1,Lac Edwards,27,NYJ,P,16,0,87,3991,45.9,309,3622,41.6,63,3,3.4,28,32.2,0,2025
2,Jake Bailey,22,NWE,P,16,0,81,3638,44.9,175,3343,41.3,65,6,7.4,36,44.4,0,2025
3,Pat O'Donnell,28,CHI,P,16,0,80,3586,44.8,247,3299,40.7,75,2,2.5,26,32.5,1,2025
4,Corey Bojorquez,23,BUF,P,16,0,79,3313,41.9,157,3016,37.7,67,7,8.9,34,43.0,1,2025
5,Tress Way,29,WAS,P,16,0,79,3919,49.6,354,3485,44.1,79,4,5.1,30,38.0,0,2025
6,Brett Kern,33,TEN,P,16,0,78,3672,47.1,269,3363,43.1,70,2,2.6,37,47.4,0,2025
7,Colby Wadman,24,DEN,P,16,0,78,3464,44.4,314,3070,39.4,64,4,5.1,29,37.2,0,2025
8,JK Scott,24,GNB,P,16,0,77,3386,44.0,233,3073,39.9,66,4,5.2,29,37.7,0,2025
9,Sam Martin,29,DET,P,16,0,76,3445,45.3,130,3175,41.8,62,7,9.2,31,40.8,0,2025
10,Logan Cooke,24,JAX,P,16,0,75,3507,46.8,127,3340,44.5,66,2,2.7,25,33.3,0,2025
11,Kevin Huber,34,CIN,P,16,0,75,3394,45.3,136,3158,42.1,63,5,6.7,30,40.0,0,2025
12,Michael Palardy,27,CAR,P,16,0,75,3452,46.0,487,2905,38.7,62,3,4.0,25,33.3,0,2025
13,Jordan Berry,28,PIT,P,16,0,74,3368,45.5,265,3023,40.9,69,4,5.4,24,32.4,0,2025
14,Michael Dickson,23,SEA,P,16,0,74,3341,45.1,213,3028,40.9,63,5,6.8,34,45.9,0,2025
15,Cameron Johnston,27,PHI,P,16,0,71,3292,46.4,207,3005,42.3,61,4,5.6,28,39.4,0,2025
16,Riley Dixon,26,NYG,P,16,0,69,3178,46.1,136,3002,42.3,62,2,2.9,29,42.0,2,2025
17,Matt Haack,25,MIA,P,16,0,69,3105,45.0,229,2836,41.1,62,2,2.9,23,33.3,0,2025
18,AJ Cole III,24,OAK,P,16,0,67,3081,46.0,318,2643,39.4,74,6,9.0,33,49.3,0,2025
19,Johnny Hekker,29,LAR,P,16,0,66,3128,47.4,190,2838,42.4,71,5,7.6,22,33.3,1,2025
20,Jamie Gillan,22,CLE,P,16,0,63,2913,46.2,151,2662,41.6,71,5,7.9,28,44.4,1,2025
21,Britton Colquitt,34,MIN,P,16,0,62,2802,45.2,158,2644,42.6,59,0,0.0,24,38.7,0,2025
22,Andy Lee,37,ARI,P,15,0,61,2913,47.8,278,2555,41.2,64,4,6.6,21,34.4,1,2025
23,Thomas Morstead,33,NOR,P,16,0,60,2770,46.2,166,2584,43.1,64,1,1.7,29,48.3,0,2025
24,Rigoberto Sanchez,25,IND,P,16,0,59,2619,44.4,166,2433,41.2,60,1,1.7,22,37.3,0,2025
25,Bradley Pinion,25,TAM,P,16,0,57,2464,43.2,222,2182,38.3,63,3,5.3,19,33.3,0,2025
26,Mitch Wishnowsky,27,SFO,P,16,0,52,2333,44.9,131,2162,41.6,65,2,3.8,23,44.2,0,2025
27,Chris Jones,30,DAL,P,16,0,50,2079,41.6,154,1885,37.0,58,2,4.0,18,36.0,1,2025
28,Dustin Colquitt,37,KAN,P,16,0,48,2126,44.3,89,1977,40.3,68,3,6.3,21,43.8,1,2025
29,Ty Long,26,LAC,P,16,0,48,2256,47.0,252,1964,40.9,60,2,4.2,17,35.4,0,2025
30,Bryan Anger,31,HOU,P,14,0,45,2094,46.5,53,2001,44.5,71,2,4.4,24,53.3,0,2025
31,Sam Koch,37,BAL,P,16,0,40,1855,46.4,143,1632,39.8,62,4,10.0,21,52.5,1,2025
32,Ryan Allen,29,ATL,P,8,0,28,1172,41.9,62,1050,37.5,59,3,10.7,14,50.0,0,2025
33,Trevor Daniel,25,HOU,P,2,0,11,479,43.5,29,450,40.9,54,0,0.0,2,18.2,0,2025
34,Matthew Bosher,32,ATL,P,3,0,9,377,41.9,10,367,36.7,52,0,0.0,2,22.2,1,2025
35,Kasey Redfern,28,ATL,P,3,0,9,371,41.2,39,332,36.9,54,0,0.0,3,33.3,0,2025
36,Matt Wile,27,ATL,P,2,0,6,290,48.3,22,268,44.7,60,0,0.0,3,50.0,0,2025
37,Ryan Winslow,25,ARI,P,2,0,6,291,48.5,6,265,44.2,55,1,16.7,2,33.3,0,2025
38,Zane Gonzalez,24,ARI,K,16,0,2,84,42.0,0,84,42.0,44,0,0.0,0,0.0,0,2025
39,Ka'imi Fairbairn,25,HOU,K,16,0,1,26,26.0,0,26,26.0,26,0,0.0,1,100.0,0,2025
40,Austin Seibert,23,CLE,K,16,0,1,37,37.0,0,37,37.0,37,0,0.0,1,100.0,0,2025
1,Andy Lee,36,ARI,P,16,0,94,4568,48.6,420,4008,42.6,64,7,7.4,32,34.0,0,2025
2,Matt Haack,24,MIA,P,16,0,87,3884,44.6,384,3380,38.4,65,6,6.9,35,40.2,1,2025
3,Logan Cooke,23,JAX,P,16,0,86,3872,45.0,184,3548,41.3,72,7,8.1,37,43.0,0,2025
4,Britton Colquitt,33,CLE,P,16,0,83,3767,45.4,397,3250,38.2,79,6,7.2,32,38.6,2,2025
5,Lac Edwards,26,NYJ,P,16,0,82,3763,45.9,318,3345,40.8,67,5,6.1,23,28.0,0,2025
6,Tress Way,28,WAS,P,16,0,79,3581,45.3,303,3278,41.5,63,0,0.0,41,51.9,0,2025
7,Michael Dickson,22,SEA,P,16,0,78,3759,48.2,304,3355,42.5,69,5,6.4,28,35.9,1,2025
8,Trevor Daniel,24,HOU,P,16,0,74,3237,43.7,240,2897,39.1,61,5,6.8,36,48.6,0,2025
9,Brett Kern,32,TEN,P,16,0,74,3483,47.1,296,3127,41.7,62,3,4.1,39,52.7,1,2025
10,Sam Martin,28,DET,P,16,0,74,3310,44.7,332,2898,39.2,61,4,5.4,32,43.2,0,2025
11,Matt Wile,26,MIN,P,16,0,72,3255,45.2,188,3027,41.5,70,2,2.8,27,37.5,1,2025
12,Riley Dixon,25,NYG,P,16,0,71,3226,45.4,177,2969,41.8,60,4,5.6,20,28.2,0,2025
13,Kevin Huber,33,CIN,P,16,0,71,3119,43.9,220,2839,39.4,69,3,4.2,29,40.8,1,2025
14,JK Scott,23,GNB,P,16,0,71,3176,44.7,206,2790,38.8,67,9,12.7,19,26.8,1,2025
15,Johnny Townsend,23,OAK,P,16,0,70,3022,43.2,241,2681,38.3,64,5,7.1,17,24.3,0,2025
16,Bradley Pinion,24,SFO,P,16,0,68,2973,43.7,195,2698,39.1,64,4,5.9,22,32.4,1,2025
17,Colby Wadman,23,DEN,P,12,0,65,2905,44.7,301,2464,37.9,65,7,10.8,22,33.8,0,2025
18,Ryan Allen,28,NWE,P,16,0,64,2885,45.1,255,2530,39.5,66,5,7.8,21,32.8,0,2025
19,Jordan Berry,27,PIT,P,16,0,63,2753,43.7,227,2446,38.8,69,4,6.3,28,44.4,0,2025
20,Pat O'Donnell,27,CHI,P,16,0,62,2791,45.0,150,2501,39.7,65,7,11.3,28,45.2,1,2025
21,Cameron Johnston,26,PHI,P,16,0,61,2937,48.1,194,2603,42.7,68,7,11.5,24,39.3,0,2025
22,Michael Palardy,26,CAR,P,16,0,61,2759,45.2,181,2498,41.0,59,4,6.6,24,39.3,0,2025
23,Matthew Bosher,31,ATL,P,16,0,60,2729,45.5,184,2485,40.1,57,3,5.0,22,36.7,2,2025
24,Chris Jones,29,DAL,P,16,0,60,2670,44.5,254,2376,39.6,63,2,3.3,17,28.3,0,2025
25,Sam Koch,36,BAL,P,16,0,60,2842,47.4,315,2427,39.8,65,5,8.3,27,45.0,1,2025
26,Bryan Anger,30,TAM,P,16,0,57,2567,45.0,231,2256,38.9,64,4,7.0,15,26.3,1,2025
27,Rigoberto Sanchez,24,IND,P,16,0,57,2629,46.1,93,2436,42.7,63,5,8.8,24,42.1,0,2025
28,Donnie Jones,38,LAC,P,12,0,47,1990,42.3,143,1787,38.0,59,3,6.4,15,31.9,0,2025
29,Corey Bojorquez,22,BUF,P,8,0,45,2028,45.1,137,1811,39.4,60,4,8.9,22,48.9,1,2025
30,Dustin Colquitt,36,KAN,P,16,0,45,2021,44.9,97,1824,40.5,67,5,11.1,21,46.7,0,2025
31,Johnny Hekker,28,LAR,P,16,0,43,1992,46.3,104,1848,43.0,68,2,4.7,21,48.8,0,2025
32,Thomas Morstead,32,NOR,P,16,0,43,1996,46.4,60,1856,43.2,60,4,9.3,15,34.9,0,2025
33,Matt Darr,26,BUF,P,5,0,20,809,40.5,64,725,36.3,55,1,5.0,5,25.0,0,2025
34,Marquette King,30,DEN,P,4,0,20,881,44.1,67,794,39.7,66,1,5.0,7,35.0,0,2025
35,Colton Schmidt,28,BUF,P,3,0,16,676,42.3,96,540,33.8,55,2,12.5,4,25.0,0,2025
36,Drew Kaser,25,LAC,P,4,0,13,629,48.4,114,495,35.4,66,1,7.7,5,38.5,1,2025
37,Ben Roethlisberger,36,PIT,QB,16,16,1,27,27.0,18,9,9.0,27,0,0.0,0,0.0,0,2025
38,Caleb Sturgis,29,LAC,K,6,0,1,24,24.0,0,24,24.0,24,0,0.0,1,100.0,0,2025
1,Brad Wing,26,NYG,P,16,0,95,4189,44.1,448,3561,36.7,69,9,9.5,19,20.0,2,2025
2,Lac Edwards,25,NYJ,P,16,0,94,4378,46.6,491,3807,40.5,70,4,4.3,33,35.1,0,2025
3,Shane Lechler,41,HOU,P,16,0,92,4507,49.0,608,3799,41.3,68,5,5.4,32,34.8,0,2025
4,Jon Ryan,36,SEA,P,16,0,92,4141,45.0,452,3569,38.8,74,6,6.5,29,31.5,0,2025
5,Kevin Huber,32,CIN,P,16,0,88,4101,46.6,410,3631,40.8,63,3,3.4,32,36.4,1,2025
6,Andy Lee,35,ARI,P,16,0,88,4159,47.3,506,3493,39.7,63,8,9.1,29,33.0,0,2025
7,Brad Nortman,28,JAX,P,16,0,87,3835,44.1,228,3427,38.9,65,9,10.3,29,33.3,1,2025
8,Pat O'Donnell,26,CHI,P,16,0,87,4087,47.0,512,3455,39.7,69,6,6.9,27,31.0,0,2025
9,Sam Koch,35,BAL,P,16,0,84,3765,44.8,277,3428,40.3,67,3,3.6,40,47.6,1,2025
10,Rigoberto Sanchez,23,IND,P,16,0,84,3764,44.8,80,3624,42.6,61,3,3.6,28,33.3,1,2025
11,Matt Haack,23,MIA,P,16,0,83,3695,44.5,220,3375,40.7,64,5,6.0,30,36.1,0,2025
12,Tress Way,27,WAS,P,16,0,83,3794,45.7,435,3239,39.0,64,6,7.2,33,39.8,0,2025
13,Britton Colquitt,32,CLE,P,16,0,80,3811,47.6,482,3289,40.6,67,2,2.5,24,30.0,1,2025
14,Colton Schmidt,27,BUF,P,16,0,79,3529,44.7,210,3199,40.5,60,6,7.6,28,35.4,0,2025
15,Brett Kern,31,TEN,P,16,0,75,3728,49.7,286,3342,44.6,74,5,6.7,28,37.3,0,2025
16,Bradley Pinion,23,SFO,P,16,0,75,3255,43.4,138,3097,41.3,59,1,1.3,31,41.3,0,2025
17,Drew Kaser,24,LAC,P,16,0,74,3558,48.1,319,3059,41.3,69,9,12.2,27,36.5,0,2025
18,Riley Dixon,24,DEN,P,16,0,73,3331,45.6,258,3013,40.2,60,3,4.1,23,31.5,2,2025
19,Michael Palardy,25,CAR,P,16,0,71,3269,46.0,176,3013,42.4,63,4,5.6,25,35.2,0,2025
20,Ryan Quigley,27,MIN,P,16,0,71,2994,42.2,213,2781,39.2,56,0,0.0,29,40.8,0,2025
21,Justin Vogel,24,GNB,P,16,0,71,3155,44.4,164,2951,41.6,62,2,2.8,19,26.8,0,2025
22,Marquette King,29,OAK,P,16,0,69,3270,47.4,205,2945,42.7,65,6,8.7,28,40.6,0,2025
23,Donnie Jones,37,PHI,P,16,0,67,3033,45.3,171,2762,40.6,62,5,7.5,21,31.3,1,2025
24,Chris Jones,28,DAL,P,16,0,66,2908,44.1,75,2733,41.4,62,5,7.6,34,51.5,0,2025
25,Bryan Anger,29,TAM,P,16,0,65,2857,44.0,153,2604,39.5,62,5,7.7,24,36.9,1,2025
26,Dustin Colquitt,35,KAN,P,16,0,65,2936,45.2,164,2672,41.1,77,5,7.7,29,44.6,0,2025
27,Johnny Hekker,27,LAR,P,16,0,65,3113,47.9,152,2881,44.3,70,4,6.2,30,46.2,0,2025
28,Jordan Berry,26,PIT,P,16,0,64,2763,43.2,177,2546,39.8,62,2,3.1,26,40.6,0,2025
29,Thomas Morstead,31,NOR,P,16,0,60,2822,47.0,249,2533,42.2,68,2,3.3,26,43.3,0,2025
30,Ryan Allen,27,NWE,P,16,0,58,2515,43.4,105,2350,40.5,60,3,5.2,24,41.4,0,2025
31,Matthew Bosher,30,ATL,P,16,0,53,2379,44.9,179,2160,40.8,62,2,3.8,19,35.8,0,2025
32,Sam Martin,27,DET,P,10,0,41,1779,43.4,116,1543,37.6,64,6,14.6,13,31.7,0,2025
33,Jeff Locke,28,DET,P,5,0,27,1222,45.3,82,1140,42.2,54,0,0.0,11,40.7,0,2025
34,Matt Prater,33,DET,K,16,0,4,139,34.8,0,139,34.8,47,0,0.0,1,25.0,0,2025
35,Zane Gonzalez,22,CLE,K,16,0,1,16,16.0,0,16,16.0,16,0,0.0,0,0.0,0,2025
36,Brandon McManus,26,DEN,K,16,0,1,26,26.0,0,26,26.0,26,0,0.0,1,100.0,0,2025
37,Kasey Redfern,26,DET,P,1,0,1,50,50.0,0,50,50.0,50,0,0.0,0,0.0,0,2025
1,Bradley Pinion,22,SFO,P,16,0,100,4402,44.0,345,3977,39.8,65,4,4.0,28,28.0,0,2025
2,Johnny Hekker,26,LAR,P,16,0,98,4680,47.8,152,4508,46.0,78,1,1.0,51,52.0,0,2025
3,Brad Wing,25,NYG,P,16,0,93,4297,46.2,330,3807,40.9,63,8,8.6,28,30.1,0,2025
4,Matt Darr,24,MIA,P,16,0,90,3991,44.3,300,3591,39.9,66,5,5.6,32,35.6,0,2025
5,Riley Dixon,23,DEN,P,16,0,89,4068,45.7,271,3677,41.3,68,6,6.7,28,31.5,0,2025
6,Britton Colquitt,31,CLE,P,16,0,83,3761,45.3,376,3345,40.3,65,2,2.4,22,26.5,0,2025
7,Marquette King,28,OAK,P,16,0,81,3937,48.6,405,3352,41.4,72,9,11.1,34,42.0,0,2025
8,Sam Koch,34,BAL,P,16,0,80,3665,45.8,375,3190,39.9,68,5,6.3,37,46.3,0,2025
9,Kevin Huber,31,CIN,P,16,0,78,3613,46.3,369,3084,39.5,72,8,10.3,23,29.5,0,2025
10,Brett Kern,30,TEN,P,16,0,77,3402,44.2,347,2975,38.6,71,4,5.2,32,41.6,0,2025
11,Brad Nortman,27,JAX,P,16,0,77,3589,46.6,389,3040,39.5,78,8,10.4,27,35.1,0,2025
12,Dustin Colquitt,34,KAN,P,16,0,76,3427,45.1,157,3090,40.7,64,9,11.8,38,50.0,0,2025
13,Lac Edwards,24,NYJ,P,16,0,75,3236,43.1,319,2837,37.3,59,4,5.3,24,32.0,1,2025
14,Colton Schmidt,26,BUF,P,16,0,75,3183,42.4,262,2861,38.1,58,3,4.0,20,26.7,0,2025
15,Jeff Locke,27,MIN,P,16,0,74,3155,42.6,209,2886,39.0,72,3,4.1,34,45.9,0,2025
16,Ryan Allen,26,NWE,P,16,0,72,3217,44.7,134,2983,41.4,58,5,6.9,23,31.9,0,2025
17,Shane Lechler,40,HOU,P,16,0,72,3423,47.5,477,2886,40.1,62,3,4.2,30,41.7,0,2025
18,Jon Ryan,35,SEA,P,16,0,71,3126,44.0,236,2830,39.3,64,3,4.2,26,36.6,1,2025
19,Bryan Anger,28,TAM,P,16,0,70,3215,45.9,128,2987,42.7,59,5,7.1,37,52.9,0,2025
20,Jordan Berry,25,PIT,P,16,0,68,3100,45.6,269,2771,40.2,64,3,4.4,25,36.8,1,2025
21,Pat O'Donnell,25,CHI,P,16,0,68,2994,44.0,282,2612,38.4,67,5,7.4,24,35.3,0,2025
22,Donnie Jones,36,PHI,P,16,0,63,2888,45.8,202,2566,40.7,72,6,9.5,21,33.3,0,2025
23,Sam Martin,26,DET,P,16,0,62,3010,48.5,210,2740,44.2,63,3,4.8,23,37.1,0,2025
24,Drew Kaser,23,SDG,P,16,0,59,2731,46.3,282,2349,39.8,69,5,8.5,18,30.5,0,2025
25,Chris Jones,27,DAL,P,16,0,58,2661,45.9,192,2389,40.5,66,4,6.9,25,43.1,1,2025
26,Thomas Morstead,30,NOR,P,16,0,57,2751,48.3,237,2414,42.4,66,5,8.8,22,38.6,0,2025
27,Jake Schum,27,GNB,P,16,0,56,2420,43.2,151,2189,39.1,65,4,7.1,19,33.9,0,2025
28,Pat McAfee,29,IND,P,16,0,55,2711,49.3,139,2392,42.7,74,9,16.4,19,34.5,1,2025
29,Tress Way,26,WAS,P,16,0,49,2209,45.1,222,1907,38.9,61,4,8.2,15,30.6,0,2025
30,Matthew Bosher,29,ATL,P,15,0,44,2060,46.8,209,1831,41.6,68,1,2.3,21,47.7,0,2025
31,Andy Lee,34,CAR,P,9,0,36,1769,49.1,236,1453,40.4,76,4,11.1,18,50.0,0,2025
32,Michael Palardy,24,CAR,P,7,0,36,1531,42.5,126,1365,37.9,56,2,5.6,13,36.1,0,2025
33,Ryan Quigley,26,ARI,P,6,0,34,1416,41.6,75,1301,37.2,55,2,5.9,13,38.2,1,2025
34,Drew Butler,27,ARI,P,7,0,32,1350,42.2,210,1140,35.6,62,0,0.0,10,31.3,0,2025
35,Matt Wile,24,2TM,P,4,0,12,553,46.1,25,412,31.7,59,0,0.0,2,16.7,1,2025
35,Matt Wile,24,ATL,P,1,0,2,116,58.0,,,,59,,,,,0,2025
35,Matt Wile,24,ARI,P,3,0,10,437,43.7,25,412,37.5,59,0,0.0,2,20.0,1,2025
36,Graham Gano,29,CAR,K,16,0,4,180,45.0,21,119,29.8,54,2,50.0,0,0.0,0,2025
37,Matt Bryant,41,ATL,K,16,0,2,67,33.5,0,67,33.5,36,0,0.0,0,0.0,0,2025
38,Chandler Catanzaro,25,ARI,K,16,0,2,66,33.0,0,66,33.0,47,0,0.0,0,0.0,0,2025
1,Johnny Hekker,25,STL,P,16,0,96,4601,47.9,289,4192,43.7,68,6,6.3,41,42.7,0,2025
2,Shane Lechler,39,HOU,P,16,0,95,4497,47.3,612,3685,38.8,64,10,10.5,24,25.3,0,2025
3,Matt Darr,23,MIA,P,16,0,92,4380,47.6,526,3654,39.7,70,10,10.9,30,32.6,0,2025
4,Bradley Pinion,21,SFO,P,16,0,91,3969,43.6,282,3587,39.4,62,5,5.5,31,34.1,0,2025
5,Brett Kern,29,TEN,P,16,0,88,4175,47.4,605,3550,40.3,61,1,1.1,34,38.6,0,2025
6,Donnie Jones,35,PHI,P,16,0,86,4038,47.0,215,3663,41.6,64,8,9.3,29,33.7,2,2025
7,Pat McAfee,28,IND,P,16,0,85,4052,47.7,386,3546,41.7,63,6,7.1,28,32.9,0,2025
8,Britton Colquitt,30,DEN,P,16,0,84,3663,43.6,247,3336,39.7,62,4,4.8,22,26.2,0,2025
9,Marquette King,27,OAK,P,16,0,83,3697,44.5,201,3416,40.7,70,4,4.8,40,48.2,1,2025
10,Colton Schmidt,25,BUF,P,16,0,82,3802,46.4,353,3384,41.3,65,3,3.7,22,26.8,0,2025
11,Tim Masthay,28,GNB,P,16,0,81,3554,43.9,174,3260,40.2,62,6,7.4,18,22.2,0,2025
12,Bryan Anger,27,JAX,P,16,0,80,3700,46.3,462,3158,39.5,63,4,5.0,26,32.5,0,2025
13,Sam Martin,25,DET,P,16,0,80,3679,46.0,263,3356,42.0,66,3,3.8,25,31.3,0,2025
14,Brad Wing,24,NYG,P,16,0,76,3380,44.5,300,2960,38.9,64,6,7.9,33,43.4,0,2025
15,Dustin Colquitt,33,KAN,P,16,0,75,3333,44.4,170,3063,40.8,62,5,6.7,37,49.3,0,2025
16,Ryan Quigley,25,NYJ,P,15,0,75,3287,43.8,432,2775,36.5,68,4,5.3,27,36.0,1,2025
17,Sam Koch,33,BAL,P,16,0,74,3454,46.7,176,3178,42.9,67,5,6.8,29,39.2,0,2025
18,Ryan Allen,25,NWE,P,16,0,73,3358,46.0,347,2951,39.9,67,3,4.1,31,42.5,1,2025
19,Mike Scifres,35,SDG,P,16,0,72,3261,45.3,432,2789,38.2,68,2,2.8,15,20.8,1,2025
20,Andy Lee,33,CLE,P,16,0,70,3270,46.7,381,2809,40.1,67,4,5.7,25,35.7,0,2025
21,Brad Nortman,26,CAR,P,16,0,70,3175,45.4,288,2787,39.8,65,5,7.1,20,28.6,0,2025
22,Pat O'Donnell,24,CHI,P,15,0,70,3097,44.2,197,2820,39.7,72,4,5.7,28,40.0,1,2025
23,Tress Way,25,WAS,P,16,0,70,3224,46.1,258,2826,39.8,64,7,10.0,21,30.0,1,2025
24,Chris Jones,26,DAL,P,16,0,69,3114,45.1,162,2935,42.5,61,1,1.4,27,39.1,0,2025
25,Kevin Huber,30,CIN,P,16,0,68,3116,45.8,203,2793,40.5,67,6,8.8,22,32.4,1,2025
26,Jon Ryan,34,SEA,P,16,0,68,3093,45.5,386,2579,37.9,73,7,10.3,24,35.3,0,2025
27,Jeff Locke,26,MIN,P,16,0,66,2746,41.6,152,2494,37.8,61,5,7.6,23,34.8,0,2025
28,Drew Butler,26,ARI,P,16,0,60,2575,42.9,295,2160,35.4,58,6,10.0,22,36.7,1,2025
29,Jordan Berry,24,PIT,P,16,0,59,2511,42.6,165,2306,39.1,79,2,3.4,28,47.5,0,2025
30,Matthew Bosher,28,ATL,P,16,0,58,2735,47.2,272,2383,40.4,69,4,6.9,24,41.4,1,2025
31,Thomas Morstead,29,NOR,P,14,0,56,2551,45.6,194,2277,40.7,58,4,7.1,20,35.7,0,2025
32,Jake Schum,26,TAM,P,16,0,56,2348,41.9,140,2128,38.0,60,4,7.1,15,26.8,0,2025
33,Brandon Fields,31,NOR,P,2,0,10,412,41.2,21,351,35.1,57,2,20.0,4,40.0,0,2025
34,Steve Weatherford,33,NYJ,P,1,0,4,161,40.3,38,123,30.8,50,0,0.0,0,0.0,0,2025
35,Spencer Lanning,27,CHI,P,1,0,3,136,45.3,29,107,35.7,51,0,0.0,1,33.3,0,2025
36,Phil Dawson,40,SFO,K,16,0,1,48,48.0,1,47,47.0,48,0,0.0,0,0.0,0,2025
37,Zach Hocker,24,NOR,K,6,0,1,43,43.0,0,43,43.0,43,0,0.0,1,100.0,0,2025
38,Brandon McManus,24,DEN,K,16,0,1,41,41.0,0,21,21.0,41,1,100.0,0,0.0,0,2025
39,Nick Novak,34,HOU,K,13,0,1,36,36.0,0,16,16.0,36,1,100.0,0,0.0,0,2025
1,Marquette King,26,OAK,P,16,0,109,4930,45.2,513,4357,40.0,62,3,2.8,31,28.4,0,2025
2,Bryan Anger,26,JAX,P,16,0,94,4464,47.5,464,3800,39.6,69,10,10.6,25,26.6,2,2025
3,Spencer Lanning,26,CLE,P,16,0,93,4119,44.3,295,3644,39.2,59,9,9.7,25,26.9,0,2025
4,Brett Kern,28,TEN,P,16,0,88,4118,46.8,350,3628,40.8,79,7,8.0,28,31.8,1,2025
5,Colton Schmidt,24,BUF,P,16,0,86,3692,42.9,246,3326,38.7,67,6,7.0,31,36.0,0,2025
6,Shane Lechler,38,HOU,P,16,0,83,3845,46.3,398,3249,38.7,71,10,12.0,27,32.5,1,2025
7,Johnny Hekker,24,STL,P,16,0,80,3721,46.5,192,3429,42.3,61,5,6.3,33,41.3,1,2025
8,Steve Weatherford,32,NYG,P,16,0,80,3640,45.5,391,3129,38.6,71,6,7.5,25,31.3,1,2025
9,Drew Butler,25,ARI,P,15,0,79,3328,42.1,246,2982,36.8,67,5,6.3,34,43.0,2,2025
10,Michael Koenen,32,TAM,P,16,0,78,3154,40.4,185,2929,37.1,56,2,2.6,17,21.8,1,2025
11,Ryan Quigley,24,NYJ,P,16,0,78,3580,45.9,250,3150,39.9,69,9,11.5,23,29.5,1,2025
12,Tress Way,24,WAS,P,16,0,77,3659,47.5,397,3122,40.0,77,7,9.1,22,28.6,1,2025
13,Donnie Jones,34,PHI,P,16,0,76,3331,43.8,238,2953,38.9,68,7,9.2,34,44.7,0,2025
14,Jeff Locke,25,MIN,P,16,0,75,3318,44.2,255,2943,38.7,62,6,8.0,21,28.0,1,2025
15,Kevin Huber,29,CIN,P,16,0,73,3419,46.8,226,3073,42.1,69,6,8.2,27,37.0,0,2025
16,Andy Lee,32,SFO,P,16,0,72,3369,46.8,336,2893,39.6,71,7,9.7,28,38.9,1,2025
17,Brad Nortman,25,CAR,P,16,0,72,3236,44.9,435,2701,36.5,72,5,6.9,26,36.1,2,2025
18,Dustin Colquitt,32,KAN,P,16,0,71,3164,44.6,190,2874,40.5,69,5,7.0,31,43.7,0,2025
19,Pat O'Donnell,23,CHI,P,16,0,71,3107,43.8,335,2712,37.7,61,3,4.2,20,28.2,1,2025
20,Britton Colquitt,29,DEN,P,16,0,69,3048,44.2,371,2597,37.6,65,4,5.8,25,36.2,0,2025
21,Pat McAfee,27,IND,P,16,0,69,3221,46.7,205,2956,42.8,61,3,4.3,30,43.5,0,2025
22,Sam Martin,24,DET,P,16,0,68,3138,46.1,311,2727,40.1,71,5,7.4,29,42.6,0,2025
23,Matthew Bosher,27,ATL,P,16,0,67,3063,45.7,250,2733,40.8,66,4,6.0,27,40.3,0,2025
24,Ryan Allen,24,NWE,P,16,0,66,3060,46.4,267,2673,39.9,67,6,9.1,25,37.9,1,2025
25,Jon Ryan,33,SEA,P,16,0,61,2688,44.1,195,2373,38.3,66,6,9.8,28,45.9,1,2025
26,Brad Wing,23,PIT,P,16,0,61,2667,43.7,221,2367,38.8,74,4,6.6,20,32.8,0,2025
27,Sam Koch,32,BAL,P,16,0,60,2841,47.4,166,2595,42.5,73,4,6.7,26,43.3,1,2025
28,Brandon Fields,30,MIA,P,16,0,58,2688,46.3,349,2279,38.6,60,3,5.2,21,36.2,1,2025
29,Thomas Morstead,28,NOR,P,16,0,58,2690,46.4,99,2491,42.9,63,5,8.6,19,32.8,0,2025
30,Chris Jones,25,DAL,P,16,0,57,2586,45.4,240,2306,39.8,64,2,3.5,21,36.8,1,2025
31,Mike Scifres,34,SDG,P,13,0,55,2516,45.7,216,2180,38.9,72,6,10.9,21,38.2,1,2025
32,Tim Masthay,27,GNB,P,16,0,49,2159,44.1,191,1888,37.0,63,4,8.2,14,28.6,2,2025
33,Mat McBriar,35,SDG,P,3,0,13,610,46.9,130,460,35.4,58,1,7.7,1,7.7,0,2025
34,Dave Zastudil,36,ARI,P,2,0,11,487,44.3,38,429,39.0,53,1,9.1,1,9.1,0,2025
35,Nick Novak,33,SDG,K,16,0,6,240,40.0,20,220,36.7,51,0,0.0,1,16.7,0,2025
1,Bryan Anger,25,JAX,P,16,0,95,4338,45.7,330,3848,40.5,61,8,8.4,31,32.6,0,2025
2,Steve Weatherford,31,NYG,P,16,0,91,4271,46.9,655,3476,38.2,68,7,7.7,25,27.5,0,2025
3,Sam Koch,31,BAL,P,16,0,90,4138,46.0,419,3539,38.9,69,9,10.0,27,30.0,1,2025
4,Shane Lechler,37,HOU,P,16,0,88,4189,47.6,530,3519,40.0,65,7,8.0,34,38.6,0,2025
5,Dustin Colquitt,31,KAN,P,16,0,87,4005,46.0,246,3539,40.2,65,11,12.6,35,40.2,1,2025
6,Michael Koenen,31,TAM,P,16,0,87,3846,44.2,393,3333,38.3,62,6,6.9,19,21.8,0,2025
7,Brandon Fields,29,MIA,P,16,0,85,4150,48.8,407,3603,42.4,74,7,8.2,33,38.8,0,2025
8,Marquette King,25,OAK,P,16,0,84,4107,48.9,438,3449,40.1,66,11,13.1,23,27.4,2,2025
9,Spencer Lanning,25,CLE,P,16,0,84,3679,43.8,357,3222,37.9,59,5,6.0,28,33.3,1,2025
10,Saverio Rocca,40,WAS,P,16,0,84,3526,42.0,655,2871,33.8,63,0,0.0,26,31.0,1,2025
11,Donnie Jones,33,PHI,P,16,0,82,3681,44.9,223,3358,40.5,70,5,6.1,33,40.2,1,2025
12,Andy Lee,31,SFO,P,16,0,79,3804,48.2,330,3294,41.7,62,9,11.4,27,34.2,0,2025
13,Johnny Hekker,23,STL,P,16,0,78,3609,46.3,79,3450,44.2,64,4,5.1,19,24.4,0,2025
14,Brett Kern,27,TEN,P,16,0,78,3386,43.4,210,3136,39.7,63,2,2.6,32,41.0,1,2025
15,Dave Zastudil,35,ARI,P,16,0,78,3566,45.7,321,3125,40.1,60,6,7.7,35,44.9,0,2025
16,Chris Jones,24,DAL,P,16,0,77,3467,45.0,339,3008,39.1,62,6,7.8,30,39.0,0,2025
17,Ryan Allen,23,NWE,P,16,0,76,3491,45.9,221,3030,39.9,65,12,15.8,29,38.2,0,2025
18,Pat McAfee,26,IND,P,16,0,76,3499,46.0,396,2963,38.5,65,7,9.2,27,35.5,1,2025
19,Jeff Locke,24,MIN,P,16,0,75,3316,44.2,318,2938,39.2,65,3,4.0,23,30.7,0,2025
20,Jon Ryan,32,SEA,P,16,0,74,3159,42.7,82,2977,39.2,69,5,6.8,28,37.8,2,2025
21,Sam Martin,23,DET,P,16,0,72,3399,47.2,250,2949,40.4,72,10,13.9,22,30.6,1,2025
22,Ryan Quigley,23,NYJ,P,14,0,72,3278,45.5,381,2837,39.4,67,3,4.2,21,29.2,0,2025
23,Brad Nortman,24,CAR,P,16,0,70,3344,47.8,335,2909,41.6,72,5,7.1,25,35.7,0,2025
24,Matthew Bosher,26,ATL,P,16,0,68,3166,46.6,251,2875,41.1,63,2,2.9,26,38.2,2,2025
25,Adam Podlesh,30,CHI,P,16,0,68,2763,40.6,111,2612,37.9,65,2,2.9,27,39.7,1,2025
26,Kevin Huber,28,CIN,P,14,0,66,2982,45.2,229,2673,40.5,75,4,6.1,24,36.4,0,2025
27,Britton Colquitt,28,DEN,P,16,0,65,2893,44.5,274,2559,38.8,60,3,4.6,23,35.4,1,2025
28,Tim Masthay,26,GNB,P,16,0,64,2854,44.6,261,2493,39.0,62,5,7.8,22,34.4,0,2025
29,Brian Moorman,37,BUF,P,11,0,61,2511,41.2,197,2234,36.6,62,4,6.6,16,26.2,0,2025
30,Thomas Morstead,27,NOR,P,16,0,61,2859,46.9,180,2579,42.3,61,5,8.2,25,41.0,0,2025
31,Mike Scifres,33,SDG,P,16,0,56,2417,43.2,158,2239,40.0,61,1,1.8,30,53.6,0,2025
32,Shawn Powell,25,2TM,P,7,0,42,1881,44.8,305,1476,35.1,66,5,11.9,13,31.0,0,2025
32,Shawn Powell,25,BUF,P,5,0,35,1613,46.1,280,1233,35.2,66,5,14.3,10,28.6,0,2025
32,Shawn Powell,25,CIN,P,2,0,7,268,38.3,25,243,34.7,52,0,0.0,3,42.9,0,2025
33,Mat McBriar,34,PIT,P,9,0,40,1652,41.3,157,1435,35.0,70,3,7.5,13,32.5,1,2025
34,Zoltan Mesko,27,PIT,P,7,0,34,1445,42.5,156,1249,35.7,65,2,5.9,3,8.8,1,2025
35,Robert Malone,25,NYJ,P,2,0,16,740,46.3,107,593,37.1,84,2,12.5,3,18.8,0,2025
36,Mike Nugent,31,CIN,K,16,0,2,80,40.0,0,80,40.0,43,0,0.0,0,0.0,0,2025
37,Tom Brady,36,NWE,QB,16,16,1,32,32.0,0,32,32.0,32,0,0.0,0,0.0,0,2025
38,Billy Cundiff,33,CLE,K,16,0,1,34,34.0,0,14,14.0,34,1,100.0,0,0.0,0,2025
39,Ben Roethlisberger,31,PIT,QB,16,16,1,28,28.0,0,28,28.0,28,0,0.0,1,100.0,0,2025
40,Ryan Succop,27,KAN,K,16,0,1,29,29.0,0,9,9.0,29,1,100.0,0,0.0,0,2025
1,Dave Zastudil,34,ARI,P,16,0,112,5209,46.5,415,4634,41.4,70,8,7.1,46,41.1,0,2025
2,Bryan Anger,24,JAX,P,16,0,91,4353,47.8,495,3758,40.8,73,5,5.5,31,34.1,1,2025
3,Reggie Hodges,30,CLE,P,16,0,90,3766,41.8,343,3343,37.1,58,4,4.4,29,32.2,0,2025
4,Donnie Jones,32,HOU,P,16,0,88,4150,47.2,483,3567,40.5,66,5,5.7,28,31.8,0,2025
5,Robert Malone,24,NYJ,P,16,0,84,3848,45.8,375,3313,38.5,61,8,9.5,27,32.1,2,2025
6,Dustin Colquitt,30,KAN,P,16,0,83,3887,46.8,362,3385,40.8,71,7,8.4,45,54.2,0,2025
7,Sam Koch,30,BAL,P,16,0,83,3911,47.1,383,3388,40.8,60,7,8.4,28,33.7,0,2025
8,Johnny Hekker,22,STL,P,16,0,82,3756,45.8,402,3274,39.9,68,4,4.9,22,26.8,0,2025
9,Brett Kern,26,TEN,P,16,0,81,3855,47.6,405,3350,40.4,71,5,6.2,30,37.0,2,2025
10,Shane Lechler,36,OAK,P,16,0,81,3826,47.2,450,3196,39.0,68,9,11.1,21,25.9,1,2025
11,Adam Podlesh,29,CHI,P,16,0,81,3399,42.0,84,3195,39.4,64,6,7.4,34,42.0,0,2025
12,Mike Scifres,32,SDG,P,16,0,81,3914,48.3,362,3412,40.6,66,7,8.6,30,37.0,3,2025
13,Drew Butler,23,PIT,P,16,0,77,3374,43.8,306,2948,37.8,79,6,7.8,26,33.8,1,2025
14,Kevin Huber,27,CIN,P,16,0,76,3540,46.6,210,3190,42.0,69,7,9.2,33,43.4,0,2025
15,Michael Koenen,30,TAM,P,16,0,76,3440,45.3,440,2880,37.4,64,6,7.9,22,28.9,1,2025
16,Brad Nortman,23,CAR,P,16,0,76,3267,43.0,318,2809,36.5,63,7,9.2,20,26.3,1,2025
17,Thomas Morstead,26,NOR,P,16,0,74,3707,50.1,391,3196,43.2,70,6,8.1,20,27.0,0,2025
18,Brandon Fields,28,MIA,P,16,0,73,3666,50.2,484,3051,41.8,67,9,12.3,29,39.7,0,2025
19,Pat McAfee,25,IND,P,16,0,73,3500,47.9,375,2985,40.3,64,8,11.0,26,35.6,1,2025
20,Chris Kluwe,31,MIN,P,16,0,72,3237,45.0,341,2856,39.7,59,2,2.8,18,25.0,0,2025
21,Brian Moorman,36,2TM,P,15,0,71,3179,44.8,429,2670,37.6,66,4,5.6,24,33.8,0,2025
21,Brian Moorman,36,BUF,P,3,0,15,682,45.5,172,490,32.7,66,1,6.7,2,13.3,0,2025
21,Brian Moorman,36,DAL,P,12,0,56,2497,44.6,257,2180,38.9,64,3,5.4,22,39.3,0,2025
22,Tim Masthay,25,GNB,P,16,0,70,3043,43.5,179,2764,38.9,65,5,7.1,30,42.9,1,2025
23,Saverio Rocca,39,WAS,P,16,0,68,2984,43.9,320,2604,37.2,61,3,4.4,22,32.4,2,2025
24,Britton Colquitt,27,DEN,P,16,0,67,3099,46.3,203,2822,42.1,67,4,6.0,27,40.3,0,2025
25,Nick Harris,34,DET,P,13,0,67,2783,41.5,241,2522,37.6,58,1,1.5,21,31.3,0,2025
26,Andy Lee,30,SFO,P,16,0,67,3226,48.1,249,2897,43.2,66,4,6.0,36,53.7,0,2025
27,Shawn Powell,24,BUF,P,13,0,65,2860,44.0,345,2475,38.1,62,2,3.1,23,35.4,0,2025
28,Jon Ryan,31,SEA,P,16,0,65,2963,45.6,252,2651,40.8,73,3,4.6,30,46.2,0,2025
29,Matthew Bosher,25,ATL,P,16,0,60,2847,47.5,241,2526,40.7,63,4,6.7,22,36.7,2,2025
30,Zoltan Mesko,26,NWE,P,16,0,60,2585,43.1,154,2311,37.9,62,6,10.0,28,46.7,1,2025
31,Steve Weatherford,30,NYG,P,16,0,58,2757,47.5,353,2284,39.4,68,6,10.3,22,37.9,0,2025
32,Mat McBriar,33,PHI,P,13,0,55,2560,46.5,378,2042,36.5,66,7,12.7,13,23.6,1,2025
33,Chas Henry,23,PHI,P,3,0,16,776,48.5,164,612,38.3,62,0,0.0,2,12.5,0,2025
34,Chris Jones,23,DAL,P,4,0,12,542,45.2,22,520,40.0,60,0,0.0,6,50.0,1,2025
35,Ben Graham,39,DET,P,3,0,6,248,41.3,77,171,28.5,46,0,0.0,2,33.3,0,2025
36,Jason Hanson,42,DET,K,16,0,3,118,39.3,10,108,36.0,46,0,0.0,1,33.3,0,2025
37,Nate Kaeding,30,MIA,K,2,0,2,84,42.0,0,15,7.5,49,1,50.0,0,0.0,0,2025
38,Dan Carpenter,27,MIA,K,14,0,1,29,29.0,0,29,29.0,29,0,0.0,1,100.0,0,2025
39,Ben Roethlisberger,30,PIT,QB,13,13,1,26,26.0,0,26,26.0,26,0,0.0,1,100.0,0,2025
1,Donnie Jones,31,STL,P,16,0,105,4652,44.3,552,3920,37.0,65,9,8.6,29,27.6,1,2025
2,Britton Colquitt,26,DEN,P,16,0,101,4783,47.4,585,4058,40.2,66,7,6.9,33,32.7,0,2025
3,Jon Ryan,30,SEA,P,16,0,95,4431,46.6,541,3730,39.3,77,8,8.4,34,35.8,0,2025
4,T.J. Conley,26,NYJ,P,16,0,92,3926,42.7,241,3565,38.8,63,6,6.5,32,34.8,0,2025
5,Kevin Huber,26,CIN,P,16,0,91,4023,44.2,273,3570,39.2,71,9,9.9,24,26.4,0,2025
6,Dustin Colquitt,29,KAN,P,16,0,89,4084,45.9,411,3573,40.1,68,5,5.6,27,30.3,0,2025
7,Adam Podlesh,28,CHI,P,16,0,89,3903,43.9,223,3600,40.4,70,4,4.5,21,23.6,0,2025
8,Pat McAfee,24,IND,P,16,0,88,4102,46.6,550,3488,39.2,64,3,3.4,21,23.9,1,2025
9,Dave Zastudil,33,ARI,P,15,0,87,3929,45.2,565,3264,37.5,66,5,5.7,24,27.6,0,2025
10,Brett Kern,25,TEN,P,16,0,86,3747,43.6,221,3386,39.4,64,7,8.1,31,36.0,0,2025
11,Steve Weatherford,29,NYG,P,16,0,82,3745,45.7,407,3218,39.2,62,6,7.3,25,30.5,0,2025
12,Brad Maynard,37,CLE,P,15,0,81,3282,40.5,288,2974,36.7,63,1,1.2,32,39.5,0,2025
13,Brandon Fields,27,MIA,P,16,0,78,3810,48.8,463,3207,41.1,70,7,9.0,32,41.0,0,2025
14,Shane Lechler,35,OAK,P,16,0,78,3960,50.8,593,3187,40.9,80,9,11.5,27,34.6,0,2025
15,Andy Lee,29,SFO,P,16,0,78,3970,50.9,315,3475,44.0,68,9,11.5,28,35.9,1,2025
16,Chris Kluwe,30,MIN,P,16,0,77,3517,45.7,532,2925,38.0,60,3,3.9,22,28.6,0,2025
17,Sam Koch,29,BAL,P,16,0,73,3393,46.5,392,2821,38.6,63,9,12.3,21,28.8,0,2025
18,Nick Harris,33,JAX,P,11,0,72,3075,42.7,246,2729,37.9,55,5,6.9,13,18.1,0,2025
19,Brian Moorman,35,BUF,P,16,0,72,3472,48.2,494,2778,38.1,66,10,13.9,20,27.8,1,2025
20,Matthew Bosher,24,ATL,P,16,0,70,2990,42.7,150,2760,38.9,59,4,5.7,27,38.6,1,2025
21,Michael Koenen,29,TAM,P,16,0,67,3023,45.1,266,2697,40.3,65,3,4.5,24,35.8,0,2025
22,Jason Baker,33,CAR,P,16,0,66,2819,42.7,466,2253,34.1,56,5,7.6,19,28.8,0,2025
23,Chas Henry,22,PHI,P,16,0,66,2830,42.9,176,2474,36.9,60,9,13.6,19,28.8,1,2025
24,Saverio Rocca,38,WAS,P,16,0,66,2842,43.1,250,2572,39.0,63,1,1.5,28,42.4,0,2025
25,Brett Hartmann,24,HOU,P,12,0,58,2573,44.4,243,2190,37.8,69,7,12.1,15,25.9,0,2025
26,Mat McBriar,32,DAL,P,14,0,58,2542,43.8,272,2130,36.1,68,7,12.1,21,36.2,1,2025
27,Zoltan Mesko,25,NWE,P,16,0,57,2648,46.5,220,2368,41.5,65,3,5.3,24,42.1,0,2025
28,Tim Masthay,24,GNB,P,16,0,55,2506,45.6,305,2121,38.6,71,4,7.3,23,41.8,0,2025
29,Ryan Donahue,23,DET,P,8,0,49,2093,42.7,270,1743,35.6,60,4,8.2,13,26.5,0,2025
30,Mike Scifres,31,SDG,P,16,0,47,2234,47.5,329,1865,39.7,71,2,4.3,17,36.2,0,2025
31,Thomas Morstead,25,NOR,P,16,0,46,2224,48.3,118,2026,43.1,64,4,8.7,13,28.3,1,2025
32,Matt Turk,43,2TM,P,9,0,43,1755,40.8,151,1484,34.5,65,6,14.0,11,25.6,0,2025
32,Matt Turk,43,JAX,P,5,0,27,1072,39.7,87,885,32.8,65,5,18.5,7,25.9,0,2025
32,Matt Turk,43,HOU,P,4,0,16,683,42.7,64,599,37.4,55,1,6.3,4,25.0,0,2025
33,Jeremy Kapinos,27,PIT,P,8,0,34,1530,45.0,208,1302,38.3,59,1,2.9,10,29.4,0,2025
34,Ben Graham,38,2TM,P,8,0,33,1447,43.8,137,1250,37.9,58,3,9.1,12,36.4,0,2025
34,Ben Graham,38,ARI,P,1,0,5,212,42.4,45,167,33.4,55,0,0.0,2,40.0,0,2025
34,Ben Graham,38,DET,P,7,0,28,1235,44.1,92,1083,38.7,58,3,10.7,10,35.7,0,2025
35,Daniel Sepulveda,27,PIT,P,8,0,25,1153,46.1,37,1016,39.1,66,5,20.0,8,32.0,1,2025
36,Chris Jones,22,DAL,P,2,0,10,426,42.6,1,405,40.5,54,1,10.0,4,40.0,0,2025
37,Richmond McGee,28,CLE,P,1,0,8,288,36.0,15,253,31.6,48,1,12.5,0,0.0,0,2025
38,Robert Malone,23,DET,P,1,0,5,245,49.0,122,123,24.6,62,0,0.0,0,0.0,0,2025
39,Dan Bailey,23,DAL,K,16,0,2,79,39.5,5,74,37.0,41,0,0.0,0,0.0,0,2025
1,Jason Baker,32,CAR,P,16,0,95,4097,43.1,488,3469,36.5,60,7,7.4,22,23.2,0,2025
2,Ben Graham,37,ARI,P,16,0,94,4080,43.4,458,3442,36.6,65,9,9.6,29,30.9,0,2025
3,Donnie Jones,30,STL,P,16,0,94,4276,45.5,435,3761,40.0,63,4,4.3,32,34.0,0,2025
4,Andy Lee,28,SFO,P,16,0,91,4203,46.2,483,3480,38.2,64,12,13.2,34,37.4,0,2025
5,Nick Harris,32,DET,P,16,0,90,4018,44.6,633,3225,35.8,66,8,8.9,24,26.7,0,2025
6,Dustin Colquitt,28,KAN,P,16,0,88,3908,44.4,361,3347,37.6,72,10,11.4,33,37.5,1,2025
7,Britton Colquitt,25,DEN,P,16,0,86,3835,44.6,550,3145,36.6,63,7,8.1,19,22.1,0,2025
8,Steve Weatherford,28,NYJ,P,16,0,84,3581,42.6,299,3202,38.1,61,4,4.8,42,50.0,0,2025
9,Chris Kluwe,29,MIN,P,16,0,83,3569,43.0,241,3228,38.9,59,5,6.0,32,38.6,0,2025
10,Brad Maynard,36,CHI,P,16,0,83,3326,40.1,303,2923,35.2,56,5,6.0,24,28.9,0,2025
11,Sam Koch,28,BAL,P,16,0,81,3530,43.6,275,3175,39.2,60,4,4.9,39,48.1,0,2025
12,Reggie Hodges,28,CLE,P,16,0,78,3424,43.9,285,3039,39.0,59,5,6.4,29,37.2,0,2025
13,Jon Ryan,29,SEA,P,16,0,78,3254,41.7,327,2907,37.3,63,1,1.3,27,34.6,0,2025
14,Brett Kern,24,TEN,P,16,0,77,3302,42.9,214,3008,39.1,68,4,5.2,24,31.2,0,2025
15,Shane Lechler,34,OAK,P,16,0,77,3618,47.0,400,3138,40.8,68,4,5.2,27,35.1,0,2025
16,Brian Moorman,34,BUF,P,16,0,75,3181,42.4,299,2742,36.6,61,7,9.3,17,22.7,0,2025
17,Michael Koenen,28,ATL,P,16,0,74,3014,40.7,241,2673,35.6,61,5,6.8,29,39.2,1,2025
18,Brandon Fields,26,MIA,P,16,0,73,3369,46.2,454,2835,37.8,69,4,5.5,31,42.5,2,2025
19,Saverio Rocca,37,PHI,P,16,0,73,3195,43.8,309,2846,39.0,63,2,2.7,28,38.4,0,2025
20,Matt Dodge,23,NYG,P,16,0,72,3222,44.8,535,2507,34.3,69,9,12.5,20,27.8,1,2025
21,Kevin Huber,25,CIN,P,16,0,71,2992,42.1,124,2748,38.2,72,6,8.5,28,39.4,1,2025
22,Tim Masthay,23,GNB,P,16,0,71,3114,43.9,341,2673,37.6,62,5,7.0,25,35.2,0,2025
23,Pat McAfee,23,IND,P,15,0,65,2731,42.0,289,2302,35.4,66,7,10.8,21,32.3,0,2025
24,Mat McBriar,31,DAL,P,16,0,65,3115,47.9,205,2750,41.7,65,8,12.3,22,33.8,1,2025
25,Matt Turk,42,HOU,P,16,0,63,2650,42.1,233,2317,36.8,60,5,7.9,19,30.2,0,2025
26,Zoltan Mesko,24,NWE,P,16,0,58,2505,43.2,179,2226,38.4,65,5,8.6,19,32.8,0,2025
27,Thomas Morstead,24,NOR,P,16,0,57,2618,45.9,310,2188,38.4,64,6,10.5,21,36.8,0,2025
28,Adam Podlesh,27,JAX,P,16,0,57,2496,43.8,123,2233,39.2,63,7,12.3,26,45.6,0,2025
29,Hunter Smith,33,WAS,P,9,0,57,2310,40.5,371,1919,33.1,56,1,1.8,17,29.8,1,2025
30,Daniel Sepulveda,26,PIT,P,12,0,56,2550,45.5,198,2192,39.1,62,8,14.3,16,28.6,0,2025
31,Robert Malone,22,TAM,P,12,0,52,2160,41.5,160,1900,36.5,64,5,9.6,17,32.7,0,2025
32,Mike Scifres,30,SDG,P,16,0,52,2430,46.7,528,1722,30.8,67,9,17.3,13,25.0,4,2025
33,Chris Bryan,28,TAM,P,4,0,23,860,37.4,72,788,34.3,57,0,0.0,7,30.4,0,2025
34,Jeremy Kapinos,26,2TM,P,5,0,18,755,41.9,94,600,33.3,59,3,16.7,7,38.9,0,2025
34,Jeremy Kapinos,26,IND,P,1,0,4,179,44.8,10,148,37.0,55,1,25.0,2,50.0,0,2025
34,Jeremy Kapinos,26,PIT,P,4,0,14,576,41.1,84,452,32.3,59,2,14.3,5,35.7,0,2025
35,Sam Paulescu,26,WAS,P,3,0,17,700,41.2,117,563,33.1,52,1,5.9,2,11.8,0,2025
36,Josh Bidwell,34,WAS,P,4,0,15,625,41.7,59,566,37.7,52,0,0.0,3,20.0,0,2025
37,Graham Gano,23,WAS,K,16,0,4,141,35.3,21,120,24.0,42,0,0.0,1,25.0,1,2025
38,Shaun Suisham,29,PIT,K,7,0,3,115,38.3,12,103,34.3,39,0,0.0,1,33.3,0,2025
39,Connor Barth,24,TAM,K,16,0,1,33,33.0,0,13,13.0,33,1,100.0,0,0.0,0,2025
40,Sebastian Janikowski,32,OAK,K,16,0,1,33,33.0,0,33,33.0,33,0,0.0,0,0.0,0,2025
41,Ben Roethlisberger,28,PIT,QB,12,12,1,35,35.0,0,15,15.0,35,1,100.0,0,0.0,0,2025
42,Ryan Succop,24,KAN,K,16,0,1,33,33.0,0,13,13.0,33,1,100.0,0,0.0,0,2025
1,Andy Lee,27,SFO,P,16,0,99,4711,47.6,495,4056,41.0,64,8,8.1,30,30.3,0,2025
2,Dustin Colquitt,27,KAN,P,16,0,96,4361,45.4,285,3956,40.8,70,6,6.3,41,42.7,1,2025
3,Shane Lechler,33,OAK,P,16,0,96,4909,51.1,459,4210,43.9,70,12,12.5,30,31.3,0,2025
4,Donnie Jones,29,STL,P,16,0,90,4212,46.8,260,3752,41.7,63,10,11.1,34,37.8,0,2025
5,Brian Moorman,33,BUF,P,16,0,90,4192,46.6,377,3615,40.2,73,10,11.1,25,27.8,0,2025
6,Jon Ryan,28,SEA,P,16,0,88,4068,46.2,479,3409,38.7,70,9,10.2,28,31.8,0,2025
7,Ben Graham,36,ARI,P,16,0,86,4045,47.0,493,3492,40.6,64,3,3.5,42,48.8,0,2025
8,Kevin Huber,24,CIN,P,16,0,86,3713,43.2,393,3120,36.3,61,10,11.6,24,27.9,0,2025
9,Steve Weatherford,27,NYJ,P,16,0,80,3357,42.0,238,2939,36.7,66,9,11.3,25,31.3,0,2025
10,Brad Maynard,35,CHI,P,16,0,77,3191,41.4,272,2879,37.4,66,2,2.6,26,33.8,0,2025
11,Jason Baker,31,CAR,P,16,0,76,3352,44.1,452,2820,36.6,61,4,5.3,22,28.9,1,2025
12,Saverio Rocca,36,PHI,P,16,0,76,3222,42.4,229,2913,38.3,61,4,5.3,26,34.2,0,2025
13,Brandon Fields,25,MIA,P,16,0,75,3472,46.3,369,2983,39.8,66,6,8.0,25,33.3,0,2025
14,Nick Harris,31,DET,P,16,0,74,3175,42.9,354,2721,36.8,56,5,6.8,20,27.0,0,2025
15,Chris Kluwe,28,MIN,P,16,0,73,3202,43.9,260,2762,37.8,60,9,12.3,24,32.9,0,2025
16,Sam Koch,27,BAL,P,16,0,73,3188,43.7,287,2801,37.9,60,5,6.8,26,35.6,1,2025
17,Mat McBriar,30,DAL,P,16,0,72,3249,45.1,314,2875,39.9,63,3,4.2,38,52.8,0,2025
18,Adam Podlesh,26,JAX,P,16,0,72,3017,41.9,159,2758,38.3,64,5,6.9,23,31.9,0,2025
19,Daniel Sepulveda,25,PIT,P,16,0,72,3074,42.7,325,2669,37.1,60,4,5.6,29,40.3,0,2025
20,Matt Turk,41,HOU,P,16,0,67,2866,42.8,104,2642,39.4,62,6,9.0,24,35.8,0,2025
21,Reggie Hodges,27,2TM,P,12,0,67,2657,39.7,220,2337,34.9,54,5,7.5,16,23.9,0,2025
21,Reggie Hodges,27,TEN,P,4,0,22,868,39.5,128,700,31.8,50,2,9.1,1,4.5,0,2025
21,Reggie Hodges,27,CLE,P,8,0,45,1789,39.8,92,1637,36.4,54,3,6.7,15,33.3,0,2025
22,Jeremy Kapinos,25,GNB,P,16,0,66,2891,43.8,403,2288,34.1,58,10,15.2,15,22.7,1,2025
23,Jeff Feagles,43,NYG,P,16,0,64,2604,40.7,258,2306,36.0,59,2,3.1,23,35.9,0,2025
24,Pat McAfee,22,IND,P,16,0,64,2837,44.3,301,2416,37.8,60,6,9.4,21,32.8,0,2025
25,Brett Kern,23,2TM,P,16,0,64,2910,45.5,249,2461,38.5,67,10,15.6,27,42.2,0,2025
25,Brett Kern,23,DEN,P,6,0,27,1245,46.1,194,931,34.5,64,6,22.2,9,33.3,0,2025
25,Brett Kern,23,TEN,P,10,0,37,1665,45.0,55,1530,41.4,67,4,10.8,18,48.6,0,2025
26,Dirk Johnson,34,TAM,P,11,0,62,2558,41.3,222,2276,36.7,63,3,4.8,16,25.8,0,2025
27,Michael Koenen,27,ATL,P,16,0,61,2598,42.6,289,2249,36.3,70,3,4.9,18,29.5,1,2025
28,Thomas Morstead,23,NOR,P,16,0,58,2528,43.6,358,2090,36.0,60,4,6.9,18,31.0,0,2025
29,Hunter Smith,32,WAS,P,13,0,57,2356,41.3,158,2098,36.8,59,5,8.8,23,40.4,0,2025
30,Chris Hanson,33,NWE,P,16,0,56,2221,39.7,180,1941,34.1,56,5,8.9,18,32.1,1,2025
31,Mike Scifres,29,SDG,P,16,0,52,2342,45.0,265,2037,39.2,65,2,3.8,23,44.2,0,2025
32,Mitch Berger,37,DEN,P,10,0,51,2142,42.0,169,1933,37.9,65,2,3.9,13,25.5,0,2025
33,Dave Zastudil,31,CLE,P,8,0,49,2188,44.7,170,1918,39.1,60,5,10.2,25,51.0,0,2025
34,Sam Paulescu,25,2TM,P,6,0,27,1172,43.4,83,989,36.6,61,5,18.5,8,29.6,0,2025
34,Sam Paulescu,25,WAS,P,1,0,3,150,50.0,12,138,46.0,53,0,0.0,0,0.0,0,2025
34,Sam Paulescu,25,TAM,P,5,0,24,1022,42.6,71,851,35.5,61,5,20.8,8,33.3,0,2025
35,Glenn Pakulak,29,WAS,P,2,0,13,498,38.3,46,432,33.2,57,1,7.7,4,30.8,0,2025
36,Craig Hentrich,38,TEN,P,2,0,9,422,46.9,25,397,44.1,60,0,0.0,3,33.3,0,2025
37,Shaun Suisham,28,WAS,K,12,0,3,80,26.7,4,76,25.3,32,0,0.0,1,33.3,0,2025
38,Connor Barth,23,TAM,K,9,0,1,46,46.0,18,28,28.0,46,0,0.0,0,0.0,0,2025
39,Rob Bironas,31,TEN,K,16,0,1,40,40.0,0,40,40.0,40,0,0.0,0,0.0,0,2025
40,Matt Bryant,34,ATL,K,5,0,1,36,36.0,0,36,36.0,36,0,0.0,1,100.0,0,2025
41,Olindo Mare,36,SEA,K,16,0,1,32,32.0,0,32,32.0,32,0,0.0,1,100.0,0,2025
1,Kyle Larson,28,CIN,P,16,0,100,3945,39.5,436,3449,34.1,57,3,3.0,28,28.0,1,2025
2,Brad Maynard,34,CHI,P,16,0,96,3957,41.2,203,3654,38.1,67,5,5.2,40,41.7,0,2025
3,Nick Harris,30,DET,P,16,0,90,3952,43.9,414,3418,38.0,66,6,6.7,24,26.7,0,2025
4,Shane Lechler,32,OAK,P,16,0,90,4391,48.8,425,3706,41.2,70,13,14.4,33,36.7,0,2025
5,Craig Hentrich,37,TEN,P,16,0,87,3725,42.8,290,3175,36.5,75,13,14.9,27,31.0,0,2025
6,Sam Koch,26,BAL,P,16,0,84,3777,45.0,245,3352,39.9,74,9,10.7,34,40.5,0,2025
7,Donnie Jones,28,STL,P,16,0,82,4100,50.0,590,3370,41.1,68,7,8.5,20,24.4,0,2025
8,Jon Ryan,27,SEA,P,15,0,78,3557,45.6,324,2993,37.9,63,12,15.4,22,28.2,1,2025
9,Josh Bidwell,32,TAM,P,16,0,77,3426,44.5,392,2894,37.6,64,7,9.1,27,35.1,0,2025
10,Saverio Rocca,35,PHI,P,16,0,77,3334,43.3,296,2958,37.9,65,4,5.2,24,31.2,1,2025
11,Dave Zastudil,30,CLE,P,16,0,75,3410,45.5,235,2955,39.4,65,11,14.7,23,30.7,0,2025
12,Brandon Fields,24,MIA,P,16,0,74,3249,43.9,485,2624,35.5,71,7,9.5,24,32.4,0,2025
13,Jason Baker,30,CAR,P,16,0,73,3217,44.1,276,2841,37.4,63,5,6.8,30,41.1,3,2025
14,Chris Kluwe,27,MIN,P,16,0,73,3473,47.6,624,2589,35.0,62,13,17.8,23,31.5,1,2025
15,Dustin Colquitt,26,KAN,P,14,0,70,3110,44.4,209,2741,39.2,73,8,11.4,27,38.6,0,2025
16,Mitch Berger,36,PIT,P,13,0,66,2728,41.3,243,2405,36.4,61,4,6.1,19,28.8,0,2025
17,Andy Lee,26,SFO,P,16,0,66,3155,47.8,364,2611,39.0,82,9,13.6,13,19.7,1,2025
18,Ryan Plackemeier,24,2TM,P,11,0,66,2741,41.5,310,2231,33.3,62,10,15.2,17,25.8,1,2025
18,Ryan Plackemeier,24,SEA,P,1,0,11,450,40.9,120,330,30.0,56,0,0.0,2,18.2,0,2025
18,Ryan Plackemeier,24,WAS,P,10,0,55,2291,41.7,190,1901,33.9,62,10,18.2,15,27.3,1,2025
19,Jeff Feagles,42,NYG,P,16,0,64,2814,44.0,140,2574,40.2,61,5,7.8,23,35.9,0,2025
20,Michael Koenen,26,ATL,P,16,0,63,2566,40.7,49,2437,37.5,60,4,6.3,25,39.7,2,2025
21,Steve Weatherford,26,3TM,P,14,0,59,2521,42.7,307,2014,34.1,61,10,16.9,8,13.6,0,2025
21,Steve Weatherford,26,NOR,P,7,0,26,1094,42.1,146,888,34.2,61,3,11.5,5,19.2,0,2025
21,Steve Weatherford,26,KAN,P,2,0,12,512,42.7,98,334,27.8,58,4,33.3,1,8.3,0,2025
21,Steve Weatherford,26,JAX,P,5,0,21,915,43.6,63,792,37.7,57,3,14.3,2,9.5,0,2025
22,Brian Moorman,32,BUF,P,16,0,58,2557,44.1,187,2270,39.1,63,5,8.6,23,39.7,0,2025
23,Sam Paulescu,24,DAL,P,10,0,53,2213,41.8,246,1867,35.2,70,5,9.4,14,26.4,0,2025
24,Hunter Smith,31,IND,P,16,0,53,2343,44.2,249,2054,38.8,64,2,3.8,23,43.4,0,2025
25,Matt Turk,40,HOU,P,16,0,53,2240,42.3,235,1865,35.2,59,7,13.2,17,32.1,0,2025
26,Mike Scifres,28,SDG,P,16,0,51,2332,45.7,146,2086,40.9,67,5,9.8,19,37.3,0,2025
27,Chris Hanson,32,NWE,P,16,0,49,2143,43.7,158,1785,36.4,70,10,20.4,19,38.8,0,2025
28,Derrick Frost,28,GNB,P,12,0,48,2021,42.1,189,1732,36.1,65,5,10.4,8,16.7,0,2025
29,Brett Kern,22,DEN,P,16,0,46,2150,46.7,330,1740,37.8,64,4,8.7,13,28.3,0,2025
30,Adam Podlesh,25,JAX,P,11,0,46,1989,43.2,206,1683,36.6,60,5,10.9,12,26.1,0,2025
31,Reggie Hodges,26,NYJ,P,12,0,44,1884,42.8,187,1597,35.5,61,5,11.4,14,31.8,1,2025
32,Dirk Johnson,33,ARI,P,12,0,40,1670,41.8,182,1408,35.2,59,4,10.0,13,32.5,0,2025
33,Ben Graham,35,3TM,P,9,0,37,1571,42.5,320,1251,33.8,59,0,0.0,10,27.0,0,2025
33,Ben Graham,35,NYJ,P,4,0,14,606,43.3,101,505,36.1,56,0,0.0,2,14.3,0,2025
33,Ben Graham,35,NOR,P,1,0,3,126,42.0,20,106,35.3,44,0,0.0,1,33.3,0,2025
33,Ben Graham,35,ARI,P,4,0,20,839,42.0,199,640,32.0,59,0,0.0,7,35.0,0,2025
34,Durant Brooks,23,WAS,P,6,0,26,1030,39.6,195,835,32.1,60,0,0.0,9,34.6,0,2025
35,Mat McBriar,29,DAL,P,6,0,24,1175,49.0,144,971,38.8,66,3,12.5,5,20.8,1,2025
36,Glenn Pakulak,28,NOR,P,8,0,24,1144,47.7,197,907,37.8,70,2,8.3,3,12.5,0,2025
37,Jeremy Kapinos,24,GNB,P,4,0,17,667,39.2,60,587,34.5,55,1,5.9,7,41.2,0,2025
38,Paul Ernster,26,PIT,P,3,0,12,379,31.6,4,375,31.3,43,0,0.0,4,33.3,0,2025
39,Josh Brown,29,STL,K,16,0,1,20,20.0,0,20,20.0,20,0,0.0,1,100.0,0,2025
40,Matt Cassel,26,NWE,QB,16,15,1,57,57.0,0,57,57.0,57,0,0.0,1,100.0,0,2025
41,Phil Dawson,33,CLE,K,16,0,1,33,33.0,0,33,33.0,33,0,0.0,1,100.0,0,2025
1,Andy Lee,25,SFO,P,16,0,105,4968,47.3,402,4306,41.0,74,13,12.4,42,40.0,0,2025
2,Dustin Colquitt,25,KAN,P,16,0,95,4322,45.5,387,3755,39.1,81,9,9.5,27,28.4,1,2025
3,Jason Baker,29,CAR,P,16,0,90,3978,44.2,485,3393,37.7,64,5,5.6,22,24.4,0,2025
4,Michael Koenen,25,ATL,P,16,0,88,3824,43.5,307,3417,38.8,63,5,5.7,30,34.1,0,2025
5,Brad Maynard,33,CHI,P,15,0,88,3682,41.8,214,3288,37.4,56,9,10.2,27,30.7,0,2025
6,Ryan Plackemeier,23,SEA,P,16,0,86,3436,40.0,362,2954,34.3,62,6,7.0,30,34.9,0,2025
7,Chris Kluwe,26,MIN,P,16,0,81,3621,44.7,440,3001,37.0,70,9,11.1,34,42.0,0,2025
8,Brian Moorman,31,BUF,P,16,0,81,3302,40.8,196,3046,37.6,75,3,3.7,30,37.0,0,2025
9,Mike Scifres,27,SDG,P,16,0,81,3735,46.1,311,3244,39.6,70,9,11.1,36,44.4,1,2025
10,Donnie Jones,27,STL,P,16,0,78,3684,47.2,437,3067,39.3,80,9,11.5,18,23.1,0,2025
11,Sam Koch,25,BAL,P,16,0,78,3397,43.6,375,2842,36.0,64,9,11.5,20,25.6,1,2025
12,Josh Bidwell,31,TAM,P,16,0,77,3382,43.9,280,2902,37.2,61,10,13.0,30,39.0,1,2025
13,Brandon Fields,23,MIA,P,16,0,77,3327,43.2,387,2820,36.6,61,6,7.8,10,13.0,0,2025
14,Derrick Frost,27,WAS,P,16,0,75,3072,41.0,202,2730,36.4,64,7,9.3,23,30.7,0,2025
15,Shane Lechler,31,OAK,P,16,0,73,3585,49.1,445,3000,41.1,70,7,9.6,25,34.2,0,2025
16,Saverio Rocca,34,PHI,P,16,0,73,3066,42.0,409,2517,34.5,65,7,9.6,24,32.9,0,2025
17,Jeff Feagles,41,NYG,P,16,0,71,2865,40.4,173,2592,36.0,60,5,7.0,25,35.2,1,2025
18,Craig Hentrich,36,TEN,P,15,0,70,2939,42.0,264,2555,36.5,66,6,8.6,24,34.3,0,2025
19,Nick Harris,29,DET,P,16,0,68,3010,44.3,434,2476,36.4,58,5,7.4,26,38.2,0,2025
20,Daniel Sepulveda,23,PIT,P,16,0,68,2880,42.4,266,2574,37.9,59,2,2.9,28,41.2,0,2025
21,Ben Graham,34,NYJ,P,15,0,66,2855,43.3,262,2453,36.6,62,7,10.6,23,34.8,1,2025
22,Mat McBriar,28,DAL,P,16,0,63,2970,47.1,406,2424,38.5,64,7,11.1,17,27.0,0,2025
23,Steve Weatherford,25,NOR,P,16,0,63,2757,43.8,335,2342,37.2,61,4,6.3,20,31.7,0,2025
24,Jon Ryan,26,GNB,P,16,0,60,2664,44.4,113,2331,37.6,72,11,18.3,18,30.0,2,2025
25,Mike Barr,29,ARI,P,11,0,59,2385,40.4,384,1901,31.7,61,5,8.5,15,25.4,1,2025
26,Kyle Larson,27,CIN,P,16,0,59,2437,41.3,299,2078,35.2,55,3,5.1,21,35.6,0,2025
27,Matt Turk,39,HOU,P,16,0,55,2296,41.7,151,2085,37.9,59,3,5.5,24,43.6,0,2025
28,Adam Podlesh,24,JAX,P,16,0,54,2249,41.6,218,1991,36.9,76,2,3.7,14,25.9,0,2025
29,Hunter Smith,30,IND,P,16,0,52,2181,41.9,305,1776,34.2,63,5,9.6,18,34.6,0,2025
30,Dave Zastudil,29,CLE,P,12,0,49,2046,41.8,272,1694,34.6,64,4,8.2,14,28.6,0,2025
31,Todd Sauerbrun,34,DEN,P,14,0,47,2200,46.8,313,1767,36.1,65,6,12.8,14,29.8,2,2025
32,Chris Hanson,31,NWE,P,16,0,44,1821,41.4,75,1626,36.1,64,6,13.6,13,29.5,1,2025
33,Mitch Berger,35,ARI,P,5,0,20,813,40.7,112,661,33.1,56,2,10.0,6,30.0,0,2025
34,Scott Player,38,CLE,P,3,0,13,593,45.6,29,524,40.3,57,2,15.4,6,46.2,0,2025
35,Paul Ernster,25,2TM,P,2,0,12,434,36.2,7,427,35.6,59,0,0.0,3,25.0,0,2025
35,Paul Ernster,25,CLE,P,1,0,7,256,36.6,7,249,35.6,43,0,0.0,2,28.6,0,2025
35,Paul Ernster,25,DEN,P,1,0,5,178,35.6,0,178,35.6,59,0,0.0,1,20.0,0,2025
36,Jeremy Kapinos,23,NYJ,P,1,0,5,208,41.6,6,182,36.4,48,1,20.0,2,40.0,0,2025
37,Sam Paulescu,23,DEN,P,1,0,5,221,44.2,21,200,40.0,51,0,0.0,1,20.0,0,2025
38,Dirk Johnson,32,CHI,P,1,0,4,199,49.8,22,157,39.3,60,1,25.0,1,25.0,0,2025
39,Josh Miller,37,TEN,P,1,0,3,121,40.3,10,111,37.0,52,0,0.0,1,33.3,0,2025
40,Robbie Gould,25,CHI,K,16,0,2,53,26.5,0,53,26.5,28,0,0.0,1,50.0,0,2025
41,John Kasay,38,CAR,K,16,0,2,60,30.0,94,-34,-17.0,32,0,0.0,1,50.0,0,2025
42,Jason Elam,37,DEN,K,16,0,1,31,31.0,0,31,31.0,31,0,0.0,1,100.0,0,2025
1,Jason Baker,28,CAR,P,16,0,98,4483,45.7,382,3861,39.0,70,12,12.2,31,31.6,1,2025
2,Josh Bidwell,30,TAM,P,16,0,93,4045,43.5,487,3418,36.8,59,7,7.5,20,21.5,0,2025
3,Chris Kluwe,25,MIN,P,16,0,93,3934,42.3,485,3309,35.6,68,7,7.5,28,30.1,0,2025
4,Brian Moorman,30,BUF,P,16,0,92,4012,43.6,265,3607,39.2,66,7,7.6,33,35.9,0,2025
5,Craig Hentrich,35,TEN,P,16,0,88,3760,42.7,278,3282,37.3,73,10,11.4,32,36.4,0,2025
6,Sam Koch,24,BAL,P,16,0,86,3695,43.0,404,3231,37.6,61,3,3.5,30,34.9,0,2025
7,Donnie Jones,26,MIA,P,16,0,85,3640,42.8,367,3073,35.7,64,10,11.8,28,32.9,1,2025
8,Ryan Plackemeier,22,SEA,P,16,0,84,3778,45.0,343,3135,37.3,72,15,17.9,25,29.8,0,2025
9,Jon Ryan,25,GNB,P,16,0,84,3739,44.5,503,2996,35.7,66,12,14.3,17,20.2,0,2025
10,Derrick Frost,26,WAS,P,16,0,81,3471,42.9,319,3012,36.7,60,7,8.6,27,33.3,1,2025
11,Andy Lee,24,SFO,P,16,0,81,3625,44.8,462,2983,36.8,66,9,11.1,22,27.2,0,2025
12,Dave Zastudil,28,CLE,P,16,0,81,3563,44.0,312,3111,38.4,61,7,8.6,28,34.6,0,2025
13,Paul Ernster,24,DEN,P,16,0,80,3338,41.7,268,2930,36.6,61,7,8.8,23,28.8,0,2025
14,Dirk Johnson,31,PHI,P,16,0,78,3326,42.6,380,2726,34.9,60,11,14.1,21,26.9,0,2025
15,Jeff Feagles,40,NYG,P,16,0,77,3098,40.2,191,2847,37.0,54,3,3.9,27,35.1,0,2025
16,Kyle Larson,26,CIN,P,16,0,77,3428,44.5,236,2972,38.6,67,11,14.3,26,33.8,0,2025
17,Shane Lechler,30,OAK,P,16,0,77,3660,47.5,437,2843,36.4,67,19,24.7,19,24.7,1,2025
18,Brad Maynard,32,CHI,P,16,0,77,3404,44.2,367,2897,37.6,65,7,9.1,24,31.2,0,2025
19,Steve Weatherford,24,NOR,P,16,0,77,3369,43.8,279,2890,37.5,59,10,13.0,19,24.7,0,2025
20,Michael Koenen,24,ATL,P,16,0,76,3199,42.1,279,2800,35.9,65,6,7.9,25,32.9,2,2025
21,Chad Stanley,30,HOU,P,16,0,76,3161,41.6,275,2786,36.7,62,5,6.6,15,19.7,0,2025
22,Ben Graham,33,NYJ,P,16,0,72,3182,44.2,205,2757,37.8,69,11,15.3,26,36.1,1,2025
23,Chris Hanson,30,JAX,P,16,0,72,2920,40.6,343,2437,33.4,58,7,9.7,20,27.8,1,2025
24,Matt Turk,38,STL,P,16,0,72,3132,43.5,239,2793,38.3,74,5,6.9,26,36.1,1,2025
25,Dustin Colquitt,24,KAN,P,16,0,71,3145,44.3,254,2791,39.3,72,5,7.0,23,32.4,0,2025
26,Mike Scifres,26,SDG,P,16,0,69,2893,41.9,216,2637,38.2,71,2,2.9,35,50.7,0,2025
27,Nick Harris,28,DET,P,16,0,66,2967,45.0,267,2520,38.2,67,9,13.6,18,27.3,0,2025
28,Scott Player,37,ARI,P,16,0,66,2965,44.9,562,2343,34.5,58,3,4.5,18,27.3,2,2025
29,Chris Gardocki,36,PIT,P,16,0,65,2687,41.3,219,2388,36.7,56,4,6.2,11,16.9,0,2025
30,Mat McBriar,27,DAL,P,16,0,56,2697,48.2,334,2163,38.6,75,10,17.9,22,39.3,0,2025
31,Hunter Smith,29,IND,P,16,0,47,2085,44.4,327,1658,34.5,61,5,10.6,14,29.8,1,2025
32,Josh Miller,36,NWE,P,10,0,43,1848,43.0,169,1539,35.8,62,7,16.3,12,27.9,0,2025
33,Ken Walter,34,NWE,P,4,0,16,591,36.9,52,539,33.7,47,0,0.0,5,31.3,0,2025
34,Todd Sauerbrun,33,NWE,P,2,0,10,408,40.8,101,307,30.7,58,0,0.0,2,20.0,0,2025
35,Jeff Wilkins,34,STL,K,16,0,3,91,30.3,8,83,27.7,33,0,0.0,3,100.0,0,2025
36,Josh Brown,27,SEA,K,16,0,2,49,24.5,0,49,24.5,28,0,0.0,1,50.0,0,2025
37,Phil Dawson,31,CLE,K,16,0,2,58,29.0,0,38,19.0,31,1,50.0,1,50.0,0,2025
38,John Kasay,37,CAR,K,16,0,1,25,25.0,8,17,17.0,25,0,0.0,0,0.0,0,2025
39,Ryan Longwell,32,MIN,K,16,0,1,27,27.0,0,27,27.0,27,0,0.0,1,100.0,0,2025
40,Chad Pennington,30,NYJ,QB,16,16,1,29,29.0,0,29,29.0,29,0,0.0,1,100.0,0,2025
41,Lawrence Tynes,28,KAN,K,16,0,1,33,33.0,0,33,33.0,33,0,0.0,1,100.0,0,2025
1,Andy Lee,23,SFO,P,16,0,107,4447,41.6,471,3916,36.3,58,3,2.8,15,14.0,1,2025
2,Brad Maynard,31,CHI,P,16,0,96,3937,41.0,293,3424,35.3,63,11,11.5,24,25.0,1,2025
3,Josh Bidwell,29,TAM,P,16,0,90,4101,45.6,466,3375,37.5,61,13,14.4,24,26.7,0,2025
4,Donnie Jones,25,MIA,P,16,0,88,3827,43.5,227,3460,39.3,63,7,8.0,31,35.2,0,2025
5,Nick Harris,27,DET,P,16,0,84,3656,43.5,520,3096,36.9,60,2,2.4,34,40.5,0,2025
6,Dave Zastudil,27,BAL,P,16,0,84,3653,43.5,481,3032,35.7,60,7,8.3,11,13.1,1,2025
7,Chris Hanson,29,JAX,P,16,0,82,3517,42.9,236,3061,36.9,74,11,13.4,33,40.2,1,2025
8,Shane Lechler,29,OAK,P,16,0,82,3744,45.7,460,3104,37.9,64,9,11.0,26,31.7,0,2025
9,Mat McBriar,26,DAL,P,16,0,81,3439,42.5,250,3009,37.1,63,9,11.1,28,34.6,0,2025
10,Craig Hentrich,34,TEN,P,16,0,78,3371,43.2,144,2947,37.8,59,14,17.9,21,26.9,0,2025
11,Michael Koenen,23,ATL,P,16,0,78,3300,42.3,238,2882,36.9,67,9,11.5,23,29.5,0,2025
12,Kyle Richardson,32,CLE,P,16,0,78,3181,40.8,347,2654,34.0,61,9,11.5,22,28.2,0,2025
13,Chad Stanley,29,HOU,P,16,0,77,2990,38.8,219,2751,35.7,61,1,1.3,29,37.7,0,2025
14,Derrick Frost,25,WAS,P,14,0,76,3074,40.4,163,2791,36.7,55,6,7.9,23,30.3,0,2025
15,Josh Miller,35,NWE,P,16,0,76,3431,45.1,405,2946,38.3,59,4,5.3,22,28.9,1,2025
16,Ben Graham,32,NYJ,P,16,0,74,3233,43.7,305,2808,37.9,59,6,8.1,18,24.3,0,2025
17,Jeff Feagles,39,NYG,P,16,0,73,3070,42.1,309,2701,37.0,56,3,4.1,26,35.6,0,2025
18,Scott Player,36,ARI,P,16,0,73,3206,43.9,328,2738,37.0,60,7,9.6,18,24.7,1,2025
19,Jason Baker,27,CAR,P,16,0,72,3118,43.3,235,2803,38.9,59,4,5.6,23,31.9,0,2025
20,Todd Sauerbrun,32,DEN,P,16,0,72,3157,43.8,266,2771,38.0,66,6,8.3,24,33.3,1,2025
21,Mitch Berger,33,NOR,P,16,0,71,3066,43.2,260,2746,38.7,69,3,4.2,28,39.4,0,2025
22,Chris Kluwe,24,MIN,P,15,0,71,3130,44.1,470,2540,35.8,62,6,8.5,17,23.9,0,2025
23,Brian Moorman,29,BUF,P,16,0,71,3242,45.7,285,2777,39.1,68,9,12.7,22,31.0,0,2025
24,Mike Scifres,25,SDG,P,16,0,71,3104,43.7,244,2700,38.0,71,8,11.3,25,35.2,0,2025
25,Chris Gardocki,35,PIT,P,16,0,67,2803,41.8,336,2327,34.7,65,7,10.4,22,32.8,0,2025
26,Dustin Colquitt,23,KAN,P,16,0,65,2564,39.4,179,2285,35.2,62,5,7.7,27,41.5,0,2025
27,B.J. Sander,25,GNB,P,14,0,64,2508,39.2,297,2171,33.9,53,2,3.1,11,17.2,0,2025
28,Tom Rouen,37,SEA,P,12,0,61,2539,41.6,265,2134,35.0,62,7,11.5,20,32.8,0,2025
29,Kyle Larson,25,CIN,P,16,0,60,2591,43.2,260,2171,35.6,75,8,13.3,13,21.7,1,2025
30,Hunter Smith,28,IND,P,16,0,52,2301,44.3,272,1929,37.1,58,5,9.6,23,44.2,0,2025
31,Bryan Barker,41,STL,P,11,0,50,2137,42.7,277,1780,35.6,63,4,8.0,13,26.0,0,2025
32,Reggie Hodges,23,2TM,P,8,0,41,1535,37.4,142,1353,32.2,55,2,4.9,9,22.0,1,2025
32,Reggie Hodges,23,STL,P,5,0,22,836,38.0,133,683,31.0,55,1,4.5,3,13.6,0,2025
32,Reggie Hodges,23,PHI,P,3,0,19,699,36.8,9,670,33.5,51,1,5.3,6,31.6,1,2025
33,Dirk Johnson,30,PHI,P,7,0,39,1615,41.4,119,1496,38.4,59,0,0.0,11,28.2,0,2025
34,Sean Landeta,43,PHI,P,5,0,34,1483,43.6,143,1300,38.2,56,2,5.9,7,20.6,0,2025
35,Leo Araguz,35,SEA,P,4,0,18,723,40.2,78,625,34.7,53,1,5.6,4,22.2,0,2025
36,Andy Groom,26,WAS,P,2,0,11,429,39.0,26,383,34.8,57,1,9.1,2,18.2,0,2025
37,Darren Bennett,40,MIN,P,1,0,8,300,37.5,25,275,34.4,53,0,0.0,1,12.5,0,2025
38,Nick Murphy,26,PHI,P,1,0,7,275,39.3,39,236,33.7,44,0,0.0,1,14.3,0,2025
39,Ryan Flinn,25,GNB,P,2,0,6,218,36.3,42,176,29.3,42,0,0.0,0,0.0,0,2025
40,Phil Dawson,30,CLE,K,16,0,2,53,26.5,0,53,26.5,31,0,0.0,2,100.0,0,2025
41,Paul Edinger,27,MIN,K,16,0,2,75,37.5,0,75,37.5,40,0,0.0,1,50.0,0,2025
42,Ben Roethlisberger,23,PIT,QB,12,12,2,72,36.0,0,52,26.0,39,1,50.0,1,50.0,0,2025
43,Josh Brown,26,SEA,K,16,0,1,20,20.0,0,20,20.0,20,0,0.0,1,100.0,0,2025
44,Billy Cundiff,25,DAL,K,6,0,1,35,35.0,0,15,15.0,35,1,100.0,0,0.0,0,2025
45,Aaron Elling,27,BAL,K,9,0,1,32,32.0,0,32,32.0,32,0,0.0,1,100.0,0,2025
46,Robbie Gould,23,CHI,K,13,0,1,28,28.0,19,9,9.0,28,0,0.0,0,0.0,0,2025
47,John Kasay,36,CAR,K,16,0,1,36,36.0,0,16,16.0,36,1,100.0,0,0.0,0,2025
48,Olindo Mare,32,MIA,K,16,0,1,8,8.0,0,8,8.0,8,0,0.0,0,0.0,0,2025
49,Mike Nugent,23,NYJ,K,16,0,1,18,18.0,0,18,18.0,18,0,0.0,1,100.0,0,2025
50,Jeff Wilkins,33,STL,K,16,0,1,35,35.0,0,15,15.0,35,1,100.0,0,0.0,0,2025
1,Brad Maynard,30,CHI,P,16,0,108,4638,42.9,363,4175,38.7,58,5,4.6,34,31.5,0,2025
2,Tom Tupa,38,WAS,P,16,0,103,4544,44.1,727,3657,35.2,61,8,7.8,30,29.1,1,2025
3,Scott Player,35,ARI,P,16,0,98,4230,43.2,486,3604,36.4,57,7,7.1,32,32.7,1,2025
4,Matt Turk,36,MIA,P,16,0,98,4088,41.7,241,3647,37.2,67,10,10.2,29,29.6,0,2025
5,Andy Lee,22,SFO,P,16,0,96,3990,41.6,445,3385,35.3,81,8,8.3,25,26.0,0,2025
6,Nick Harris,26,DET,P,16,0,92,3765,40.9,441,3184,34.2,60,7,7.6,32,34.8,1,2025
7,Mitch Berger,32,NOR,P,16,0,85,3704,43.6,310,3314,39.0,63,4,4.7,28,32.9,0,2025
8,Derrick Frost,24,CLE,P,16,0,85,3404,40.0,313,3011,35.4,54,4,4.7,24,28.2,0,2025
9,Chris Hanson,28,JAX,P,16,0,84,3592,42.8,429,2983,35.5,69,9,10.7,28,33.3,0,2025
10,Kyle Larson,24,CIN,P,16,0,83,3499,42.2,378,2981,35.5,66,7,8.4,21,25.3,1,2025
11,Josh Bidwell,28,TAM,P,16,0,82,3472,42.3,279,3053,36.8,60,7,8.5,23,28.0,1,2025
12,Toby Gowin,29,NYJ,P,16,0,80,3057,38.2,221,2676,33.5,58,8,10.0,22,27.5,0,2025
13,Brian Moorman,28,BUF,P,16,0,77,3325,43.2,315,2830,36.8,80,9,11.7,17,22.1,0,2025
14,Chris Mohr,38,ATL,P,16,0,76,3082,40.6,134,2808,36.9,56,7,9.2,19,25.0,0,2025
15,Todd Sauerbrun,31,CAR,P,16,0,76,3351,44.1,303,2888,37.5,65,8,10.5,25,32.9,1,2025
16,Mat McBriar,25,DAL,P,16,0,75,3182,42.4,410,2632,35.1,68,7,9.3,22,29.3,0,2025
17,Jeff Feagles,38,NYG,P,16,0,74,3069,41.5,356,2633,34.6,55,4,5.4,23,31.1,2,2025
18,Craig Hentrich,33,TEN,P,16,0,73,3117,42.7,184,2773,38.0,64,8,11.0,20,27.4,0,2025
19,Shane Lechler,28,OAK,P,16,0,73,3409,46.7,413,2716,37.2,67,14,19.2,22,30.1,0,2025
20,Chad Stanley,28,HOU,P,16,0,73,3009,41.2,265,2604,35.7,57,7,9.6,19,26.0,0,2025
21,Dave Zastudil,26,BAL,P,13,0,73,2948,40.4,181,2527,34.6,61,12,16.4,26,35.6,0,2025
22,Dirk Johnson,29,PHI,P,16,0,72,3032,42.1,221,2691,37.4,62,6,8.3,20,27.8,0,2025
23,Mike Scifres,24,SDG,P,16,0,69,2974,43.1,164,2650,38.4,60,8,11.6,29,42.0,0,2025
24,Chris Gardocki,34,PIT,P,16,0,67,2879,43.0,252,2507,37.4,61,6,9.0,24,35.8,0,2025
25,Bryan Barker,40,GNB,P,16,0,66,2644,40.1,301,2203,33.4,64,7,10.6,16,24.2,0,2025
26,Darren Bennett,39,MIN,P,15,0,57,2240,39.3,169,2011,35.3,61,3,5.3,18,31.6,0,2025
27,Josh Miller,34,NWE,P,16,0,56,2350,42.0,365,1885,33.7,69,5,8.9,19,33.9,0,2025
28,Micah Knorr,29,DEN,P,12,0,54,2243,41.5,240,1883,34.2,66,6,11.1,12,22.2,1,2025
29,Hunter Smith,27,IND,P,16,0,54,2443,45.2,395,1988,36.8,62,3,5.6,21,38.9,0,2025
30,Stephen Cheek,27,KAN,P,12,0,42,1643,39.1,197,1326,31.6,55,6,14.3,8,19.0,0,2025
31,Sean Landeta,42,STL,P,10,0,40,1733,43.3,372,1301,32.5,63,3,7.5,9,22.5,0,2025
32,Kevin Stemke,26,STL,P,6,0,28,1115,39.8,44,1011,36.1,56,3,10.7,12,42.9,0,2025
33,Donnie Jones,24,SEA,P,6,0,26,988,38.0,79,869,32.2,51,2,7.7,6,23.1,1,2025
34,Tom Rouen,36,SEA,P,4,0,26,1093,42.0,91,982,37.8,60,1,3.8,10,38.5,0,2025
35,Ken Walter,32,SEA,P,6,0,24,920,38.3,74,826,33.0,50,1,4.2,4,16.7,1,2025
36,Jason Baker,26,2TM,P,6,0,24,931,38.8,153,758,31.6,52,1,4.2,10,41.7,0,2025
36,Jason Baker,26,KAN,P,2,0,9,340,37.8,98,242,26.9,52,0,0.0,3,33.3,0,2025
36,Jason Baker,26,DEN,P,4,0,15,591,39.4,55,516,34.4,48,1,6.7,7,46.7,0,2025
37,Nick Murphy,25,2TM,P,5,0,22,966,43.9,85,821,37.3,58,3,13.6,7,31.8,0,2025
37,Nick Murphy,25,BAL,P,3,0,18,777,43.2,79,658,36.6,54,2,11.1,6,33.3,0,2025
37,Nick Murphy,25,KAN,P,2,0,4,189,47.3,6,163,40.8,58,1,25.0,1,25.0,0,2025
38,Aaron Elling,26,TEN,K,1,0,6,272,45.3,11,241,40.2,58,1,16.7,1,16.7,0,2025
39,Kordell Stewart,32,BAL,QB,2,0,5,177,35.4,21,156,31.2,42,0,0.0,2,40.0,0,2025
40,Paul Edinger,26,CHI,K,16,0,2,53,26.5,17,36,18.0,30,0,0.0,1,50.0,0,2025
41,John Kasay,35,CAR,K,14,0,2,51,25.5,0,31,15.5,34,1,50.0,0,0.0,0,2025
42,David Akers,30,PHI,K,16,0,1,36,36.0,0,16,16.0,36,1,100.0,0,0.0,0,2025
43,Josh Brown,25,SEA,K,16,0,1,35,35.0,0,35,35.0,35,0,0.0,0,0.0,0,2025
44,Steve Christie,37,NYG,K,16,0,1,19,19.0,0,19,19.0,19,0,0.0,1,100.0,0,2025
45,Billy Cundiff,24,DAL,K,16,0,1,34,34.0,0,34,34.0,34,0,0.0,1,100.0,0,2025
46,Rian Lindell,27,BUF,K,16,0,1,37,37.0,0,17,17.0,37,1,100.0,0,0.0,0,2025
47,Olindo Mare,31,MIA,K,11,0,1,19,19.0,17,2,2.0,19,0,0.0,0,0.0,0,2025
48,Matt Stover,36,BAL,K,16,0,1,33,33.0,0,13,13.0,33,1,100.0,0,0.0,0,2025
1,Chad Stanley,27,HOU,P,16,0,97,4028,41.5,407,3561,36.7,58,3,3.1,36,37.1,0,2025
2,Shane Lechler,27,OAK,P,16,0,96,4503,46.9,669,3574,37.2,73,13,13.5,27,28.1,0,2025
3,Toby Gowin,28,DAL,P,16,0,94,3665,39.0,227,3278,34.9,59,8,8.5,25,26.6,0,2025
4,Nick Harris,25,2TM,P,16,0,91,3615,39.7,498,2957,32.1,53,8,8.8,16,17.6,1,2025
4,Nick Harris,25,CIN,P,5,0,28,1084,38.7,183,841,30.0,53,3,10.7,5,17.9,0,2025
4,Nick Harris,25,DET,P,11,0,63,2531,40.2,315,2116,33.1,51,5,7.9,11,17.5,1,2025
5,Jeff Feagles,37,NYG,P,16,0,90,3641,40.5,432,3089,33.9,59,6,6.7,31,34.4,1,2025
6,Dave Zastudil,25,BAL,P,16,0,89,3649,41.0,354,3135,35.2,67,8,9.0,21,23.6,0,2025
7,Chris Mohr,37,ATL,P,16,0,87,3473,39.9,301,3132,36.0,54,2,2.3,19,21.8,0,2025
8,Brian Moorman,27,BUF,P,16,0,85,3788,44.6,577,3151,37.1,71,3,3.5,20,23.5,0,2025
9,Bryan Barker,39,WAS,P,16,0,84,3377,40.2,393,2884,34.3,69,5,6.0,24,28.6,0,2025
10,Josh Miller,33,PIT,P,16,0,84,3521,41.9,299,3062,36.0,72,8,9.5,27,32.1,1,2025
11,Tom Tupa,37,TAM,P,16,0,83,3590,43.3,489,2981,35.9,60,6,7.2,26,31.3,0,2025
12,Darren Bennett,38,SDG,P,16,0,82,3436,41.9,409,2967,36.2,56,3,3.7,28,34.1,0,2025
13,Scott Player,34,ARI,P,16,0,82,3511,42.8,472,2859,34.4,64,9,11.0,19,23.2,1,2025
14,Jason Baker,25,KAN,P,16,0,80,3156,39.5,327,2689,33.2,68,7,8.8,21,26.3,1,2025
15,Dirk Johnson,28,PHI,P,16,0,79,3207,40.6,272,2735,34.6,60,10,12.7,27,34.2,0,2025
16,Brad Maynard,29,CHI,P,16,0,79,3258,41.2,277,2801,34.6,53,9,11.4,23,29.1,2,2025
17,Todd Sauerbrun,30,CAR,P,16,0,77,3433,44.6,402,2851,35.6,64,9,11.7,22,28.6,3,2025
18,Ken Walter,31,NWE,P,15,0,76,2865,37.7,220,2585,33.6,52,3,3.9,25,32.9,1,2025
19,Chris Gardocki,33,CLE,P,16,0,72,3019,41.9,316,2503,34.8,60,10,13.9,18,25.0,0,2025
20,Mitch Berger,31,NOR,P,16,0,71,3144,44.3,294,2750,38.2,59,5,7.0,28,39.4,1,2025
21,Craig Hentrich,32,TEN,P,16,0,71,3117,43.9,276,2681,37.8,58,8,11.3,26,36.6,0,2025
22,Dan Stryzinski,38,NYJ,P,16,0,71,2655,37.4,322,2253,31.3,55,4,5.6,22,31.0,1,2025
23,Josh Bidwell,27,GNB,P,16,0,69,2875,41.7,316,2419,35.1,60,7,10.1,16,23.2,0,2025
24,Micah Knorr,28,DEN,P,16,0,68,2937,43.2,560,2257,32.2,62,6,8.8,14,20.6,2,2025
25,Bill LaFleur,27,SFO,P,16,0,68,2629,38.7,258,2311,33.5,56,3,4.4,17,25.0,1,2025
26,Matt Turk,35,MIA,P,13,0,68,2631,38.7,143,2348,34.5,57,7,10.3,23,33.8,0,2025
27,Tom Rouen,35,SEA,P,16,0,67,2762,41.2,140,2562,37.1,61,3,4.5,29,43.3,2,2025
28,Hunter Smith,26,IND,P,16,0,62,2617,42.2,319,2238,35.5,55,3,4.8,20,32.3,1,2025
29,Mark Royals,38,2TM,P,14,0,61,2495,40.9,227,2148,35.2,51,6,9.8,14,23.0,0,2025
29,Mark Royals,38,MIA,P,3,0,16,643,40.2,42,581,36.3,50,1,6.3,5,31.3,0,2025
29,Mark Royals,38,JAX,P,11,0,45,1852,41.2,185,1567,34.8,51,5,11.1,9,20.0,0,2025
30,Sean Landeta,41,STL,P,16,0,59,2525,42.8,484,1941,32.9,57,5,8.5,14,23.7,0,2025
31,Eddie Johnson,22,MIN,P,14,0,56,2191,39.1,233,1858,32.6,55,5,8.9,12,21.4,1,2025
32,Kyle Richardson,30,CIN,P,11,0,49,1961,40.0,220,1641,33.5,58,5,10.2,9,18.4,0,2025
33,John Jett,35,DET,P,4,0,25,995,39.8,45,890,35.6,58,3,12.0,8,32.0,0,2025
34,Chris Hanson,27,JAX,P,5,0,23,1001,43.5,235,746,31.1,58,1,4.3,4,17.4,1,2025
35,Brooks Barnard,24,NWE,P,1,0,10,365,36.5,20,325,32.5,49,1,10.0,4,40.0,0,2025
36,Leo Araguz,33,MIN,P,2,0,7,271,38.7,77,194,27.7,44,0,0.0,1,14.3,0,2025
37,Jason Hanson,33,DET,K,16,0,7,264,37.7,30,234,33.4,50,0,0.0,1,14.3,0,2025
38,Ryan Longwell,29,GNB,K,16,0,2,58,29.0,0,38,19.0,30,1,50.0,1,50.0,0,2025
39,Kyle Boller,22,BAL,QB,11,9,1,29,29.0,0,29,29.0,29,0,0.0,0,0.0,0,2025
40,Tom Brady,26,NWE,QB,16,16,1,36,36.0,0,36,36.0,36,0,0.0,1,100.0,0,2025
41,Steve Christie,36,SDG,K,16,0,1,20,20.0,0,20,20.0,20,0,0.0,1,100.0,0,2025
42,Billy Cundiff,23,DAL,K,15,0,1,32,32.0,0,12,12.0,32,1,100.0,0,0.0,0,2025
43,Phil Dawson,28,CLE,K,13,0,1,29,29.0,0,29,29.0,29,0,0.0,1,100.0,0,2025
44,John Kasay,34,CAR,K,16,0,1,33,33.0,0,33,33.0,33,0,0.0,1,100.0,0,2025
45,Matt Stover,35,BAL,K,16,0,1,34,34.0,0,14,14.0,34,1,100.0,0,0.0,0,2025
46,Mike Vanderjagt,33,IND,K,16,0,1,29,29.0,0,29,29.0,29,0,0.0,1,100.0,0,2025
1,Chad Stanley,26,HOU,P,16,0,114,4720,41.4,328,4272,36.8,62,6,5.3,36,31.6,2,2025
2,Todd Sauerbrun,29,CAR,P,16,0,104,4735,45.5,554,3941,37.5,67,12,11.5,31,29.8,1,2025
3,John Jett,34,DET,P,16,0,91,3838,42.2,239,3459,38.0,57,7,7.7,29,31.9,0,2025
4,Tom Tupa,36,TAM,P,16,0,90,3856,42.8,433,3183,35.4,71,12,13.3,30,33.3,0,2025
5,Scott Player,33,ARI,P,16,0,88,3864,43.9,547,3117,35.0,58,10,11.4,28,31.8,1,2025
6,Darren Bennett,37,SDG,P,16,0,87,3540,40.7,369,3051,34.3,63,6,6.9,31,35.6,2,2025
7,Brad Maynard,28,CHI,P,16,0,87,3679,42.3,386,3253,37.4,75,2,2.3,26,29.9,0,2025
8,Chris Gardocki,32,CLE,P,16,0,81,3388,41.8,408,2860,35.3,59,6,7.4,27,33.3,0,2025
9,Chris Hanson,26,JAX,P,16,0,81,3583,44.2,339,3044,37.6,64,10,12.3,27,33.3,0,2025
10,Dave Zastudil,24,BAL,P,16,0,81,3368,41.6,471,2797,33.7,61,5,6.2,31,38.3,2,2025
11,Josh Bidwell,26,GNB,P,16,0,79,3296,41.7,357,2819,35.7,57,6,7.6,26,32.9,0,2025
12,Mitch Berger,30,STL,P,16,0,72,3020,41.9,463,2357,32.7,64,10,13.9,26,36.1,0,2025
13,Micah Knorr,27,2TM,P,15,0,71,2834,39.9,246,2468,34.8,59,6,8.5,19,26.8,0,2025
13,Micah Knorr,27,DAL,P,7,0,47,1928,41.0,199,1649,35.1,56,4,8.5,11,23.4,0,2025
13,Micah Knorr,27,DEN,P,8,0,24,906,37.8,47,819,34.1,59,2,8.3,8,33.3,0,2025
14,Ken Walter,30,NWE,P,16,0,70,2723,38.9,181,2362,33.3,55,9,12.9,19,27.1,1,2025
15,Mark Royals,37,MIA,P,16,0,69,2772,40.2,273,2379,34.5,56,6,8.7,15,21.7,0,2025
16,Chris Mohr,36,ATL,P,16,0,67,2804,41.9,109,2595,38.7,59,5,7.5,21,31.3,0,2025
17,Brian Moorman,26,BUF,P,16,0,66,2844,43.1,294,2410,36.0,84,7,10.6,18,27.3,1,2025
18,Hunter Smith,25,IND,P,16,0,66,2672,40.5,156,2336,34.9,69,9,13.6,26,39.4,1,2025
19,Filip Filipovic,25,DAL,P,9,0,65,2640,40.6,438,2082,31.5,60,6,9.2,14,21.5,1,2025
20,Nick Harris,24,CIN,P,15,0,65,2608,40.1,454,2074,31.4,57,4,6.2,11,16.9,1,2025
21,Craig Hentrich,31,TEN,P,16,0,65,2725,41.9,390,2235,33.9,56,5,7.7,28,43.1,1,2025
22,Dan Stryzinski,37,KAN,P,16,0,64,2422,37.8,274,2028,31.2,56,6,9.4,15,23.4,1,2025
23,Matt Allen,25,NYG,P,14,0,63,2326,36.9,201,2045,32.5,65,4,6.3,20,31.7,0,2025
24,Matt Turk,34,NYJ,P,16,0,63,2584,41.0,203,2201,34.9,65,9,14.3,13,20.6,0,2025
25,Kyle Richardson,29,MIN,P,16,0,62,2474,39.9,131,2223,35.3,59,6,9.7,21,33.9,1,2025
26,Jeff Feagles,36,SEA,P,16,0,61,2542,41.7,202,2260,37.0,58,4,6.6,22,36.1,0,2025
27,Toby Gowin,27,NOR,P,15,0,61,2553,41.9,180,2253,36.9,59,6,9.8,15,24.6,0,2025
28,Josh Miller,32,PIT,P,14,0,55,2267,41.2,346,1821,32.5,62,5,9.1,14,25.5,1,2025
29,Jason Baker,24,2TM,P,13,0,55,2133,38.8,319,1734,31.5,51,4,7.3,14,25.5,0,2025
29,Jason Baker,24,SFO,P,11,0,42,1688,40.2,282,1346,32.0,51,3,7.1,12,28.6,0,2025
29,Jason Baker,24,PHI,P,2,0,13,445,34.2,37,388,29.8,44,1,7.7,2,15.4,0,2025
30,Shane Lechler,26,OAK,P,14,0,53,2251,42.5,276,1735,32.7,70,12,22.6,18,34.0,0,2025
31,Sean Landeta,40,PHI,P,12,0,52,2229,42.9,288,1801,34.6,63,7,13.5,19,36.5,0,2025
32,Bryan Barker,38,WAS,P,12,0,48,1924,40.1,386,1438,30.0,63,5,10.4,13,27.1,0,2025
33,Tom Rouen,34,3TM,P,12,0,44,1888,42.9,230,1518,33.0,63,7,15.9,8,18.2,2,2025
33,Tom Rouen,34,DEN,P,8,0,29,1239,42.7,176,983,31.7,63,4,13.8,6,20.7,2,2025
33,Tom Rouen,34,NYG,P,2,0,8,333,41.6,29,264,33.0,55,2,25.0,1,12.5,0,2025
33,Tom Rouen,34,PIT,P,2,0,7,316,45.1,25,271,38.7,55,1,14.3,1,14.3,0,2025
34,Bill LaFleur,26,SFO,P,5,0,22,805,36.6,77,708,30.8,60,1,4.5,5,22.7,1,2025
35,Craig Jarrett,23,WAS,P,4,0,20,771,38.6,91,640,30.5,74,2,10.0,5,25.0,1,2025
36,Lee Johnson,41,PHI,P,2,0,14,523,37.4,95,388,27.7,53,2,14.3,4,28.6,0,2025
37,Dirk Johnson,27,NOR,P,1,0,8,307,38.4,29,278,34.8,55,0,0.0,1,12.5,0,2025
38,Travis Dorsch,23,CIN,P,1,0,5,162,32.4,153,9,1.8,46,0,0.0,0,0.0,0,2025
39,Kevin Stemke,24,OAK,P,2,0,5,212,42.4,21,191,31.8,56,0,0.0,1,20.0,1,2025
40,James Tuthill,26,WAS,K,11,0,4,160,40.0,30,110,27.5,53,1,25.0,0,0.0,0,2025
41,Phil Dawson,27,CLE,K,16,0,2,36,18.0,0,36,18.0,20,0,0.0,2,100.0,0,2025
42,Neil Rackers,26,CIN,K,16,0,2,17,8.5,4,13,6.5,19,0,0.0,1,50.0,0,2025
43,Martin Gramatica,27,TAM,K,16,0,1,23,23.0,0,23,23.0,23,0,0.0,1,100.0,0,2025
44,John Hall,28,NYJ,K,16,0,1,28,28.0,0,28,28.0,28,0,0.0,1,100.0,0,2025
45,Matt Stover,34,BAL,K,15,0,1,33,33.0,0,33,33.0,33,0,0.0,1,100.0,0,2025
1,Chris Gardocki,31,CLE,P,16,0,99,4249,42.9,647,3422,34.6,69,9,9.1,25,25.3,0,2025
2,Sean Landeta,39,PHI,P,16,0,97,4221,43.5,488,3533,36.4,64,10,10.3,26,26.8,0,2025
3,Todd Sauerbrun,28,CAR,P,16,0,93,4419,47.5,425,3654,38.9,73,17,18.3,35,37.6,1,2025
4,Rodney Williams,24,NYG,P,15,0,91,3905,42.9,521,3224,35.4,90,8,8.8,25,27.5,0,2025
5,Bryan Barker,37,WAS,P,16,0,90,3747,41.6,434,3133,34.8,59,9,10.0,27,30.0,0,2025
6,Brad Maynard,27,CHI,P,16,0,87,3709,42.6,327,3222,37.0,60,8,9.2,36,41.4,0,2025
7,Jeff Feagles,35,SEA,P,16,0,85,3730,43.9,462,3128,36.4,68,7,8.2,26,30.6,1,2025
8,Craig Hentrich,30,TEN,P,16,0,85,3567,42.0,264,3143,37.0,70,8,9.4,28,32.9,0,2025
9,Kyle Richardson,28,BAL,P,16,0,85,3309,38.9,183,2926,33.6,65,10,11.8,29,34.1,2,2025
10,Nick Harris,23,CIN,P,16,0,84,3372,40.1,374,2878,33.9,57,6,7.1,21,25.0,1,2025
11,Mark Royals,36,TAM,P,16,0,83,3382,40.7,380,2842,34.2,61,8,9.6,26,31.3,0,2025
12,Josh Bidwell,25,GNB,P,16,0,82,3485,42.5,288,2997,36.5,68,10,12.2,21,25.6,0,2025
13,Chris Hanson,25,JAX,P,16,0,82,3577,43.6,295,3042,37.1,59,12,14.6,24,29.3,0,2025
14,Tom Rouen,33,DEN,P,16,0,81,3668,45.3,517,2991,36.5,64,8,9.9,25,30.9,1,2025
15,Matt Turk,33,MIA,P,16,0,81,3321,41.0,136,3045,37.6,77,7,8.6,28,34.6,0,2025
16,Brian Moorman,25,BUF,P,16,0,80,3262,40.8,418,2704,33.8,66,7,8.8,16,20.0,0,2025
17,Darren Bennett,36,SDG,P,16,0,78,3308,42.4,346,2882,36.9,62,4,5.1,25,32.1,0,2025
18,Micah Knorr,26,DAL,P,16,0,78,3135,40.2,493,2522,31.1,57,6,7.7,25,32.1,3,2025
19,Toby Gowin,26,NOR,P,16,0,76,3180,41.8,316,2724,35.8,62,7,9.2,24,31.6,0,2025
20,Shane Lechler,25,OAK,P,16,0,73,3375,46.2,502,2633,35.6,65,12,16.4,23,31.5,1,2025
21,Dan Stryzinski,36,KAN,P,16,0,73,2976,40.8,277,2599,35.6,76,5,6.8,27,37.0,0,2025
22,Jason Baker,23,SFO,P,16,0,69,2813,40.8,290,2443,35.4,64,4,5.8,21,30.4,0,2025
23,Chris Mohr,35,ATL,P,16,0,69,2680,38.8,130,2490,36.1,55,3,4.3,25,36.2,0,2025
24,Hunter Smith,24,IND,P,16,0,68,3023,44.5,486,2297,33.8,65,12,17.6,12,17.6,0,2025
25,Scott Player,32,ARI,P,12,0,67,2779,41.5,377,2262,33.8,58,7,10.4,17,25.4,0,2025
26,Tom Tupa,35,NYJ,P,15,0,67,2575,38.4,333,2142,32.0,59,5,7.5,21,31.3,0,2025
27,Josh Miller,31,PIT,P,16,0,59,2505,42.5,310,2095,34.9,64,5,8.5,23,39.0,1,2025
28,John Jett,33,DET,P,13,0,58,2512,43.3,332,2060,35.5,62,6,10.3,16,27.6,0,2025
29,Ken Walter,29,NWE,P,11,0,49,1964,40.1,59,1865,38.1,58,2,4.1,24,49.0,0,2025
30,Lee Johnson,40,2TM,P,9,0,49,2028,41.4,129,1779,36.3,76,6,12.2,12,24.5,0,2025
30,Lee Johnson,40,NWE,P,5,0,24,1045,43.5,65,920,38.3,76,3,12.5,3,12.5,0,2025
30,Lee Johnson,40,MIN,P,4,0,25,983,39.3,64,859,34.4,59,3,12.0,9,36.0,0,2025
31,Mitch Berger,29,MIN,P,12,0,47,2046,43.5,302,1544,32.9,67,10,21.3,10,21.3,0,2025
32,John Baker,24,STL,P,16,0,43,1809,42.1,167,1502,34.9,58,7,16.3,9,20.9,0,2025
33,Chad Stanley,25,ARI,P,4,0,19,751,39.5,82,649,34.2,54,1,5.3,4,21.1,0,2025
34,Leo Araguz,31,DET,P,3,0,17,713,41.9,55,578,34.0,55,4,23.5,6,35.3,0,2025
35,Tommy Parks,33,NYJ,P,1,0,5,238,47.6,105,113,22.6,56,1,20.0,1,20.0,0,2025
36,Owen Pochman,24,NYG,K,10,0,5,146,29.2,,,,39,,,,,0,2025
37,Daniel Pope,26,NYJ,P,1,0,4,153,38.3,8,145,36.3,47,0,0.0,2,50.0,0,2025
38,Kris Brown,25,PIT,K,16,0,3,106,35.3,24,82,27.3,46,0,0.0,0,0.0,0,2025
39,Todd Peterson,31,KAN,K,16,0,2,61,30.5,11,50,25.0,34,0,0.0,0,0.0,0,2025
40,Brett Conway,26,WAS,K,16,0,1,28,28.0,0,28,28.0,28,0,0.0,1,100.0,0,2025
41,Paul Edinger,23,CHI,K,16,0,1,34,34.0,0,34,34.0,34,0,0.0,1,100.0,0,2025
42,Bill Gramatica,23,ARI,K,13,0,1,41,41.0,22,19,19.0,41,0,0.0,0,0.0,0,2025
43,Neil Rackers,25,CIN,K,16,0,1,32,32.0,0,12,12.0,32,1,100.0,0,0.0,0,2025
44,Adam Vinatieri,29,NWE,K,16,0,1,33,33.0,0,33,33.0,33,0,0.0,1,100.0,0,2025
1,Chris Gardocki,30,CLE,P,16,0,108,4919,45.5,793,4026,37.3,67,5,4.6,25,23.1,0,2025
2,Chris Mohr,34,BUF,P,16,0,95,3661,38.5,544,3017,31.4,57,5,5.3,19,20.0,1,2025
3,Daniel Pope,25,CIN,P,16,0,94,3775,40.2,387,3108,33.1,57,14,14.9,18,19.1,0,2025
4,John Jett,32,DET,P,16,0,93,4044,43.5,498,3306,34.8,59,12,12.9,33,35.5,2,2025
5,Darren Bennett,35,SDG,P,16,0,92,4248,46.2,722,3326,36.2,66,10,10.9,23,25.0,0,2025
6,Matt Turk,32,MIA,P,16,0,92,3870,42.1,258,3332,36.2,70,14,15.2,25,27.2,0,2025
7,Josh Miller,30,PIT,P,16,0,90,3944,43.8,371,3413,37.5,67,8,8.9,34,37.8,1,2025
8,Lee Johnson,39,NWE,P,16,0,89,3798,42.7,384,3314,36.8,62,5,5.6,31,34.8,1,2025
9,Sean Landeta,38,PHI,P,16,0,86,3635,42.3,375,3100,36.0,60,8,9.3,23,26.7,0,2025
10,Kyle Richardson,27,BAL,P,16,0,86,3457,40.2,382,2915,33.9,55,8,9.3,35,40.7,0,2025
11,Mark Royals,35,TAM,P,16,0,85,3551,41.8,408,2983,35.1,63,8,9.4,17,20.0,0,2025
12,Dan Stryzinski,35,ATL,P,16,0,84,3447,41.0,126,3221,37.9,60,5,6.0,27,32.1,1,2025
13,Tom Tupa,34,NYJ,P,16,0,83,3714,44.7,660,2754,33.2,70,15,18.1,18,21.7,0,2025
14,Todd Sauerbrun,27,KAN,P,16,0,82,3656,44.6,559,2937,35.8,68,8,9.8,28,34.1,0,2025
15,Tommy Barnhardt,37,WAS,P,16,0,79,3160,40.0,342,2718,34.4,53,5,6.3,23,29.1,0,2025
16,Brad Maynard,26,NYG,P,16,0,79,3210,40.6,353,2697,33.7,64,8,10.1,26,32.9,1,2025
17,Josh Bidwell,24,GNB,P,16,0,78,3003,38.5,205,2698,34.6,53,5,6.4,22,28.2,0,2025
18,Bryan Barker,36,JAX,P,16,0,76,3194,42.0,478,2616,34.4,65,5,6.6,29,38.2,0,2025
19,Craig Hentrich,29,TEN,P,16,0,76,3101,40.8,160,2761,36.3,67,9,11.8,33,43.4,0,2025
20,Jeff Feagles,34,SEA,P,16,0,74,2960,40.0,151,2769,36.9,57,2,2.7,24,32.4,1,2025
21,Toby Gowin,25,NOR,P,16,0,74,3043,41.1,494,2389,32.3,58,8,10.8,22,29.7,0,2025
22,Chad Stanley,24,SFO,P,16,0,69,2727,39.5,332,2255,32.2,56,7,10.1,15,21.7,1,2025
23,Shane Lechler,24,OAK,P,16,0,65,2984,45.9,279,2505,38.0,69,10,15.4,24,36.9,1,2025
24,Scott Player,31,ARI,P,16,0,65,2871,44.2,347,2424,37.3,55,5,7.7,17,26.2,0,2025
25,Hunter Smith,23,IND,P,16,0,65,2906,44.7,357,2369,36.4,65,9,13.8,20,30.8,0,2025
26,Ken Walter,28,CAR,P,16,0,64,2459,38.4,187,2232,33.8,66,2,3.1,19,29.7,2,2025
27,Mitch Berger,28,MIN,P,16,0,62,2773,44.7,310,2243,36.2,60,11,17.7,16,25.8,0,2025
28,Tom Rouen,32,DEN,P,16,0,61,2455,40.2,270,2005,32.3,62,9,14.8,18,29.5,1,2025
29,Micah Knorr,25,DAL,P,14,0,58,2485,42.8,248,2077,35.8,60,8,13.8,12,20.7,0,2025
30,Louie Aguiar,34,CHI,P,9,0,52,2017,38.8,121,1816,34.9,56,4,7.7,8,15.4,0,2025
31,Brent Bartholomew,24,CHI,P,7,0,44,1607,36.5,130,1417,32.2,52,3,6.8,12,27.3,0,2025
32,John Baker,23,STL,P,15,0,43,1736,40.4,132,1504,34.2,59,5,11.6,13,30.2,1,2025
33,Barry Cantrell,24,DAL,P,2,0,10,367,36.7,34,333,33.3,40,0,0.0,3,30.0,0,2025
34,Steve Lindsey,26,JAX,K,10,0,3,117,39.0,0,97,32.3,46,1,33.3,0,0.0,0,2025
35,Ryan Longwell,26,GNB,K,16,0,1,30,30.0,0,10,10.0,30,1,100.0,0,0.0,0,2025
