Player,Position,Team,passing_yards_per_game,completions_per_game,attempts_per_game,passing_tds_per_game,rushing_yards_per_game,rushing_tds_per_game,carries_per_game,receiving_yards_per_game,receptions_per_game,receiving_tds_per_game,targets_per_game
Kyler Murray,QB,Arizona Cardinals,96.43000030517578,11.720000267028809,48.83000183105469,0.9900000095367432,,,,,,,
Jacoby Brissett,QB,Arizona Cardinals,96.43000030517578,11.720000267028809,48.83000183105469,0.9900000095367432,,,,,,,
Kedon Slovis,QB,Arizona Cardinals,96.43000030517578,11.720000267028809,48.83000183105469,0.9900000095367432,,,,,,,
Zonovan Knight,RB,Arizona Cardinals,,,,,8.9399995803833,0.18000000715255737,2.309999942779541,,,,
Emari Demercado,RB,Arizona Cardinals,,,,,8.9399995803833,0.18000000715255737,2.309999942779541,,,,
Trey McBride,TE,Arizona Cardinals,,,,,,,,14.989999771118164,1.5700000524520874,0.6899999976158142,2.4000000953674316
Elijah Higgins,TE,Arizona Cardinals,,,,,,,,14.989999771118164,1.5700000524520874,0.6899999976158142,2.4000000953674316
Josiah Deguara,TE,Arizona Cardinals,,,,,,,,14.989999771118164,1.5700000524520874,0.6899999976158142,2.4000000953674316
Marvin Harrison Jr.,WR,Arizona Cardinals,,,,,,,,15.40999984741211,1.559999942779541,0.6299999952316284,2.3399999141693115
Zay Jones,WR,Arizona Cardinals,,,,,,,,15.40999984741211,1.559999942779541,0.6299999952316284,2.3399999141693115
Michael Wilson,WR,Arizona Cardinals,,,,,,,,15.40999984741211,1.559999942779541,0.6299999952316284,2.3399999141693115
Greg Dortch,WR,Arizona Cardinals,,,,,,,,15.40999984741211,1.559999942779541,0.6299999952316284,2.3399999141693115
Xavier Weaver,WR,Arizona Cardinals,,,,,,,,15.40999984741211,1.559999942779541,0.6299999952316284,2.3399999141693115
Simi Fehoko,WR,Arizona Cardinals,,,,,,,,15.40999984741211,1.559999942779541,0.6299999952316284,2.3399999141693115
Michael Penix Jr.,QB,Atlanta Falcons,96.43000030517578,11.720000267028809,48.83000183105469,0.9900000095367432,,,,,,,
Kirk Cousins,QB,Atlanta Falcons,96.43000030517578,11.720000267028809,48.83000183105469,0.9900000095367432,,,,,,,
Bijan Robinson,RB,Atlanta Falcons,,,,,8.9399995803833,0.18000000715255737,2.309999942779541,,,,
Tyler Allgeier,RB,Atlanta Falcons,,,,,8.9399995803833,0.18000000715255737,2.309999942779541,,,,
Nathan Carter,RB,Atlanta Falcons,,,,,8.9399995803833,0.18000000715255737,2.309999942779541,,,,
Kyle Pitts Sr.,TE,Atlanta Falcons,,,,,,,,14.989999771118164,1.5700000524520874,0.6899999976158142,2.4000000953674316
Charlie Woerner,TE,Atlanta Falcons,,,,,,,,14.989999771118164,1.5700000524520874,0.6899999976158142,2.4000000953674316
Teagan Quitoriano,TE,Atlanta Falcons,,,,,,,,14.989999771118164,1.5700000524520874,0.6899999976158142,2.4000000953674316
Feleipe Franks,TE,Atlanta Falcons,,,,,,,,14.989999771118164,1.5700000524520874,0.6899999976158142,2.4000000953674316
Drake London,WR,Atlanta Falcons,,,,,,,,15.40999984741211,1.559999942779541,0.6299999952316284,2.3399999141693115
Darnell Mooney,WR,Atlanta Falcons,,,,,,,,15.40999984741211,1.559999942779541,0.6299999952316284,2.3399999141693115
Casey Washington,WR,Atlanta Falcons,,,,,,,,15.40999984741211,1.559999942779541,0.6299999952316284,2.3399999141693115
Jamal Agnew,WR,Atlanta Falcons,,,,,,,,15.40999984741211,1.559999942779541,0.6299999952316284,2.3399999141693115
KhaDarel Hodge,WR,Atlanta Falcons,,,,,,,,15.40999984741211,1.559999942779541,0.6299999952316284,2.3399999141693115
David Sills V,WR,Atlanta Falcons,,,,,,,,15.40999984741211,1.559999942779541,0.6299999952316284,2.3399999141693115
Lamar Jackson,QB,Baltimore Ravens,96.43000030517578,11.720000267028809,48.83000183105469,0.9900000095367432,,,,,,,
Cooper Rush,QB,Baltimore Ravens,96.43000030517578,11.720000267028809,48.83000183105469,0.9900000095367432,,,,,,,
Tyler Huntley,QB,Baltimore Ravens,96.43000030517578,11.720000267028809,48.83000183105469,0.9900000095367432,,,,,,,
Derrick Henry,RB,Baltimore Ravens,,,,,8.9399995803833,0.18000000715255737,2.309999942779541,,,,
Justice Hill,RB,Baltimore Ravens,,,,,8.9399995803833,0.18000000715255737,2.309999942779541,,,,
Keaton Mitchell,RB,Baltimore Ravens,,,,,8.9399995803833,0.18000000715255737,2.309999942779541,,,,
Rasheen Ali,RB,Baltimore Ravens,,,,,8.9399995803833,0.18000000715255737,2.309999942779541,,,,
Mark Andrews,TE,Baltimore Ravens,,,,,,,,14.989999771118164,1.5700000524520874,0.6899999976158142,2.4000000953674316
Isaiah Likely,TE,Baltimore Ravens,,,,,,,,14.989999771118164,1.5700000524520874,0.6899999976158142,2.4000000953674316
Charlie Kolar,TE,Baltimore Ravens,,,,,,,,14.989999771118164,1.5700000524520874,0.6899999976158142,2.4000000953674316
Zay Flowers,WR,Baltimore Ravens,,,,,,,,15.40999984741211,1.559999942779541,0.6299999952316284,2.3399999141693115
Rashod Bateman,WR,Baltimore Ravens,,,,,,,,15.40999984741211,1.559999942779541,0.6299999952316284,2.3399999141693115
DeAndre Hopkins,WR,Baltimore Ravens,,,,,,,,15.40999984741211,1.559999942779541,0.6299999952316284,2.3399999141693115
Devontez Walker,WR,Baltimore Ravens,,,,,,,,15.40999984741211,1.559999942779541,0.6299999952316284,2.3399999141693115
LaJohntay Wester,WR,Baltimore Ravens,,,,,,,,15.40999984741211,1.559999942779541,0.6299999952316284,2.3399999141693115
Josh Allen,QB,Buffalo Bills,96.43000030517578,11.720000267028809,48.83000183105469,0.9900000095367432,,,,,,,
Mitchell Trubisky,QB,Buffalo Bills,96.43000030517578,11.720000267028809,48.83000183105469,0.9900000095367432,,,,,,,
James Cook III,RB,Buffalo Bills,,,,,8.9399995803833,0.18000000715255737,2.309999942779541,,,,
Ray Davis,RB,Buffalo Bills,,,,,8.9399995803833,0.18000000715255737,2.309999942779541,,,,
Ty Johnson,RB,Buffalo Bills,,,,,8.9399995803833,0.18000000715255737,2.309999942779541,,,,
Dalton Kincaid,TE,Buffalo Bills,,,,,,,,14.989999771118164,1.5700000524520874,0.6899999976158142,2.4000000953674316
Dawson Knox,TE,Buffalo Bills,,,,,,,,14.989999771118164,1.5700000524520874,0.6899999976158142,2.4000000953674316
Jackson Hawes,TE,Buffalo Bills,,,,,,,,14.989999771118164,1.5700000524520874,0.6899999976158142,2.4000000953674316
Keon Coleman,WR,Buffalo Bills,,,,,,,,15.40999984741211,1.559999942779541,0.6299999952316284,2.3399999141693115
Khalil Shakir,WR,Buffalo Bills,,,,,,,,15.40999984741211,1.559999942779541,0.6299999952316284,2.3399999141693115
Joshua Palmer,WR,Buffalo Bills,,,,,,,,15.40999984741211,1.559999942779541,0.6299999952316284,2.3399999141693115
Curtis Samuel,WR,Buffalo Bills,,,,,,,,15.40999984741211,1.559999942779541,0.6299999952316284,2.3399999141693115
Elijah Moore,WR,Buffalo Bills,,,,,,,,15.40999984741211,1.559999942779541,0.6299999952316284,2.3399999141693115
Tyrell Shavers,WR,Buffalo Bills,,,,,,,,15.40999984741211,1.559999942779541,0.6299999952316284,2.3399999141693115
Bryce Young,QB,Carolina Panthers,96.43000030517578,11.720000267028809,48.83000183105469,0.9900000095367432,,,,,,,
Andy Dalton,QB,Carolina Panthers,96.43000030517578,11.720000267028809,48.83000183105469,0.9900000095367432,,,,,,,
Chuba Hubbard,RB,Carolina Panthers,,,,,8.9399995803833,0.18000000715255737,2.309999942779541,,,,
Rico Dowdle,RB,Carolina Panthers,,,,,8.9399995803833,0.18000000715255737,2.309999942779541,,,,
Trevor Etienne,RB,Carolina Panthers,,,,,8.9399995803833,0.18000000715255737,2.309999942779541,,,,
DeeJay Dallas,RB,Carolina Panthers,,,,,8.9399995803833,0.18000000715255737,2.309999942779541,,,,
Ja'Tavion Sanders,TE,Carolina Panthers,,,,,,,,14.989999771118164,1.5700000524520874,0.6899999976158142,2.4000000953674316
Tommy Tremble,TE,Carolina Panthers,,,,,,,,14.989999771118164,1.5700000524520874,0.6899999976158142,2.4000000953674316
Mitchell Evans,TE,Carolina Panthers,,,,,,,,14.989999771118164,1.5700000524520874,0.6899999976158142,2.4000000953674316
James Mitchell,TE,Carolina Panthers,,,,,,,,14.989999771118164,1.5700000524520874,0.6899999976158142,2.4000000953674316
Tetairoa McMillan,WR,Carolina Panthers,,,,,,,,15.40999984741211,1.559999942779541,0.6299999952316284,2.3399999141693115
Xavier Legette,WR,Carolina Panthers,,,,,,,,15.40999984741211,1.559999942779541,0.6299999952316284,2.3399999141693115
Jalen Coker,WR,Carolina Panthers,,,,,,,,15.40999984741211,1.559999942779541,0.6299999952316284,2.3399999141693115
Jimmy Horn Jr.,WR,Carolina Panthers,,,,,,,,15.40999984741211,1.559999942779541,0.6299999952316284,2.3399999141693115
Hunter Renfrow,WR,Carolina Panthers,,,,,,,,15.40999984741211,1.559999942779541,0.6299999952316284,2.3399999141693115
Brycen Tremayne,WR,Carolina Panthers,,,,,,,,15.40999984741211,1.559999942779541,0.6299999952316284,2.3399999141693115
Caleb Williams,QB,Chicago Bears,96.43000030517578,11.720000267028809,48.83000183105469,0.9900000095367432,,,,,,,
Tyson Bagent,QB,Chicago Bears,96.43000030517578,11.720000267028809,48.83000183105469,0.9900000095367432,,,,,,,
Case Keenum,QB,Chicago Bears,96.43000030517578,11.720000267028809,48.83000183105469,0.9900000095367432,,,,,,,
D'Andre Swift,RB,Chicago Bears,,,,,8.9399995803833,0.18000000715255737,2.309999942779541,,,,
Kyle Monangai,RB,Chicago Bears,,,,,8.9399995803833,0.18000000715255737,2.309999942779541,,,,
Roschon Johnson,RB,Chicago Bears,,,,,8.9399995803833,0.18000000715255737,2.309999942779541,,,,
Travis Homer,RB,Chicago Bears,,,,,8.9399995803833,0.18000000715255737,2.309999942779541,,,,
Cole Kmet,TE,Chicago Bears,,,,,,,,14.989999771118164,1.5700000524520874,0.6899999976158142,2.4000000953674316
Colston Loveland,TE,Chicago Bears,,,,,,,,14.989999771118164,1.5700000524520874,0.6899999976158142,2.4000000953674316
Durham Smythe,TE,Chicago Bears,,,,,,,,14.989999771118164,1.5700000524520874,0.6899999976158142,2.4000000953674316
DJ Moore,WR,Chicago Bears,,,,,,,,15.40999984741211,1.559999942779541,0.6299999952316284,2.3399999141693115
Rome Odunze,WR,Chicago Bears,,,,,,,,15.40999984741211,1.559999942779541,0.6299999952316284,2.3399999141693115
Olamide Zaccheaus,WR,Chicago Bears,,,,,,,,15.40999984741211,1.559999942779541,0.6299999952316284,2.3399999141693115
Luther Burden III,WR,Chicago Bears,,,,,,,,15.40999984741211,1.559999942779541,0.6299999952316284,2.3399999141693115
Jahdae Walker,WR,Chicago Bears,,,,,,,,15.40999984741211,1.559999942779541,0.6299999952316284,2.3399999141693115
Devin Duvernay,WR,Chicago Bears,,,,,,,,15.40999984741211,1.559999942779541,0.6299999952316284,2.3399999141693115
Joe Flacco,QB,Cincinnati Bengals,96.43000030517578,11.720000267028809,48.83000183105469,0.9900000095367432,,,,,,,
Jake Browning,QB,Cincinnati Bengals,96.43000030517578,11.720000267028809,48.83000183105469,0.9900000095367432,,,,,,,
Chase Brown,RB,Cincinnati Bengals,,,,,8.9399995803833,0.18000000715255737,2.309999942779541,,,,
Samaje Perine,RB,Cincinnati Bengals,,,,,8.9399995803833,0.18000000715255737,2.309999942779541,,,,
Tahj Brooks,RB,Cincinnati Bengals,,,,,8.9399995803833,0.18000000715255737,2.309999942779541,,,,
Drew Sample,TE,Cincinnati Bengals,,,,,,,,14.989999771118164,1.5700000524520874,0.6899999976158142,2.4000000953674316
Noah Fant,TE,Cincinnati Bengals,,,,,,,,14.989999771118164,1.5700000524520874,0.6899999976158142,2.4000000953674316
Tanner Hudson,TE,Cincinnati Bengals,,,,,,,,14.989999771118164,1.5700000524520874,0.6899999976158142,2.4000000953674316
Cam Grandy,TE,Cincinnati Bengals,,,,,,,,14.989999771118164,1.5700000524520874,0.6899999976158142,2.4000000953674316
Ja'Marr Chase,WR,Cincinnati Bengals,,,,,,,,15.40999984741211,1.559999942779541,0.6299999952316284,2.3399999141693115
Tee Higgins,WR,Cincinnati Bengals,,,,,,,,15.40999984741211,1.559999942779541,0.6299999952316284,2.3399999141693115
Andrei Iosivas,WR,Cincinnati Bengals,,,,,,,,15.40999984741211,1.559999942779541,0.6299999952316284,2.3399999141693115
Jermaine Burton,WR,Cincinnati Bengals,,,,,,,,15.40999984741211,1.559999942779541,0.6299999952316284,2.3399999141693115
Mitch Tinsley,WR,Cincinnati Bengals,,,,,,,,15.40999984741211,1.559999942779541,0.6299999952316284,2.3399999141693115
Charlie Jones,WR,Cincinnati Bengals,,,,,,,,15.40999984741211,1.559999942779541,0.6299999952316284,2.3399999141693115
Dillon Gabriel,QB,Cleveland Browns,96.43000030517578,11.720000267028809,48.83000183105469,0.9900000095367432,,,,,,,
Shedeur Sanders,QB,Cleveland Browns,96.43000030517578,11.720000267028809,48.83000183105469,0.9900000095367432,,,,,,,
Quinshon Judkins,RB,Cleveland Browns,,,,,8.9399995803833,0.18000000715255737,2.309999942779541,,,,
Dylan Sampson,RB,Cleveland Browns,,,,,8.9399995803833,0.18000000715255737,2.309999942779541,,,,
Raheim Sanders,RB,Cleveland Browns,,,,,8.9399995803833,0.18000000715255737,2.309999942779541,,,,
Jerome Ford,RB,Cleveland Browns,,,,,8.9399995803833,0.18000000715255737,2.309999942779541,,,,
David Njoku,TE,Cleveland Browns,,,,,,,,14.989999771118164,1.5700000524520874,0.6899999976158142,2.4000000953674316
Blake Whiteheart,TE,Cleveland Browns,,,,,,,,14.989999771118164,1.5700000524520874,0.6899999976158142,2.4000000953674316
Jerry Jeudy,WR,Cleveland Browns,,,,,,,,15.40999984741211,1.559999942779541,0.6299999952316284,2.3399999141693115
Isaiah Bond,WR,Cleveland Browns,,,,,,,,15.40999984741211,1.559999942779541,0.6299999952316284,2.3399999141693115
Jamari Thrash,WR,Cleveland Browns,,,,,,,,15.40999984741211,1.559999942779541,0.6299999952316284,2.3399999141693115
Malachi Corley,WR,Cleveland Browns,,,,,,,,15.40999984741211,1.559999942779541,0.6299999952316284,2.3399999141693115
Gage Larvadain,WR,Cleveland Browns,,,,,,,,15.40999984741211,1.559999942779541,0.6299999952316284,2.3399999141693115
Dak Prescott,QB,Dallas Cowboys,96.43000030517578,11.720000267028809,48.83000183105469,0.9900000095367432,,,,,,,
Joe Milton III,QB,Dallas Cowboys,96.43000030517578,11.720000267028809,48.83000183105469,0.9900000095367432,,,,,,,
Javonte Williams,RB,Dallas Cowboys,,,,,8.9399995803833,0.18000000715255737,2.309999942779541,,,,
Jaydon Blue,RB,Dallas Cowboys,,,,,8.9399995803833,0.18000000715255737,2.309999942779541,,,,
Jake Ferguson,TE,Dallas Cowboys,,,,,,,,14.989999771118164,1.5700000524520874,0.6899999976158142,2.4000000953674316
Luke Schoonmaker,TE,Dallas Cowboys,,,,,,,,14.989999771118164,1.5700000524520874,0.6899999976158142,2.4000000953674316
Brevyn Spann-Ford,TE,Dallas Cowboys,,,,,,,,14.989999771118164,1.5700000524520874,0.6899999976158142,2.4000000953674316
CeeDee Lamb,WR,Dallas Cowboys,,,,,,,,15.40999984741211,1.559999942779541,0.6299999952316284,2.3399999141693115
George Pickens,WR,Dallas Cowboys,,,,,,,,15.40999984741211,1.559999942779541,0.6299999952316284,2.3399999141693115
Jonathan Mingo,WR,Dallas Cowboys,,,,,,,,15.40999984741211,1.559999942779541,0.6299999952316284,2.3399999141693115
KaVontae Turpin,WR,Dallas Cowboys,,,,,,,,15.40999984741211,1.559999942779541,0.6299999952316284,2.3399999141693115
Ryan Flournoy,WR,Dallas Cowboys,,,,,,,,15.40999984741211,1.559999942779541,0.6299999952316284,2.3399999141693115
Jalen Tolbert,WR,Dallas Cowboys,,,,,,,,15.40999984741211,1.559999942779541,0.6299999952316284,2.3399999141693115
Bo Nix,QB,Denver Broncos,96.43000030517578,11.720000267028809,48.83000183105469,0.9900000095367432,,,,,,,
Jarrett Stidham,QB,Denver Broncos,96.43000030517578,11.720000267028809,48.83000183105469,0.9900000095367432,,,,,,,
J.K. Dobbins,RB,Denver Broncos,,,,,8.9399995803833,0.18000000715255737,2.309999942779541,,,,
RJ Harvey,RB,Denver Broncos,,,,,8.9399995803833,0.18000000715255737,2.309999942779541,,,,
Tyler Badie,RB,Denver Broncos,,,,,8.9399995803833,0.18000000715255737,2.309999942779541,,,,
Jaleel McLaughlin,RB,Denver Broncos,,,,,8.9399995803833,0.18000000715255737,2.309999942779541,,,,
Evan Engram,TE,Denver Broncos,,,,,,,,14.989999771118164,1.5700000524520874,0.6899999976158142,2.4000000953674316
Adam Trautman,TE,Denver Broncos,,,,,,,,14.989999771118164,1.5700000524520874,0.6899999976158142,2.4000000953674316
Nate Adkins,TE,Denver Broncos,,,,,,,,14.989999771118164,1.5700000524520874,0.6899999976158142,2.4000000953674316
Courtland Sutton,WR,Denver Broncos,,,,,,,,15.40999984741211,1.559999942779541,0.6299999952316284,2.3399999141693115
Marvin Mims Jr.,WR,Denver Broncos,,,,,,,,15.40999984741211,1.559999942779541,0.6299999952316284,2.3399999141693115
Trent Sherfield Sr.,WR,Denver Broncos,,,,,,,,15.40999984741211,1.559999942779541,0.6299999952316284,2.3399999141693115
Troy Franklin,WR,Denver Broncos,,,,,,,,15.40999984741211,1.559999942779541,0.6299999952316284,2.3399999141693115
Pat Bryant,WR,Denver Broncos,,,,,,,,15.40999984741211,1.559999942779541,0.6299999952316284,2.3399999141693115
Jared Goff,QB,Detroit Lions,96.43000030517578,11.720000267028809,48.83000183105469,0.9900000095367432,,,,,,,
Kyle Allen,QB,Detroit Lions,96.43000030517578,11.720000267028809,48.83000183105469,0.9900000095367432,,,,,,,
Jahmyr Gibbs,RB,Detroit Lions,,,,,8.9399995803833,0.18000000715255737,2.309999942779541,,,,
David Montgomery,RB,Detroit Lions,,,,,8.9399995803833,0.18000000715255737,2.309999942779541,,,,
Sione Vaki,RB,Detroit Lions,,,,,8.9399995803833,0.18000000715255737,2.309999942779541,,,,
Jacob Saylors,RB,Detroit Lions,,,,,8.9399995803833,0.18000000715255737,2.309999942779541,,,,
Sam LaPorta,TE,Detroit Lions,,,,,,,,14.989999771118164,1.5700000524520874,0.6899999976158142,2.4000000953674316
Brock Wright,TE,Detroit Lions,,,,,,,,14.989999771118164,1.5700000524520874,0.6899999976158142,2.4000000953674316
Ross Dwelley,TE,Detroit Lions,,,,,,,,14.989999771118164,1.5700000524520874,0.6899999976158142,2.4000000953674316
Amon-Ra St. Brown,WR,Detroit Lions,,,,,,,,15.40999984741211,1.559999942779541,0.6299999952316284,2.3399999141693115
Jameson Williams,WR,Detroit Lions,,,,,,,,15.40999984741211,1.559999942779541,0.6299999952316284,2.3399999141693115
Isaac TeSlaa,WR,Detroit Lions,,,,,,,,15.40999984741211,1.559999942779541,0.6299999952316284,2.3399999141693115
Kalif Raymond,WR,Detroit Lions,,,,,,,,15.40999984741211,1.559999942779541,0.6299999952316284,2.3399999141693115
Dominic Lovett,WR,Detroit Lions,,,,,,,,15.40999984741211,1.559999942779541,0.6299999952316284,2.3399999141693115
Jordan Love,QB,Green Bay Packers,96.43000030517578,11.720000267028809,48.83000183105469,0.9900000095367432,,,,,,,
Malik Willis,QB,Green Bay Packers,96.43000030517578,11.720000267028809,48.83000183105469,0.9900000095367432,,,,,,,
Josh Jacobs,RB,Green Bay Packers,,,,,8.9399995803833,0.18000000715255737,2.309999942779541,,,,
Chris Brooks,RB,Green Bay Packers,,,,,8.9399995803833,0.18000000715255737,2.309999942779541,,,,
Emanuel Wilson,RB,Green Bay Packers,,,,,8.9399995803833,0.18000000715255737,2.309999942779541,,,,
Tucker Kraft,TE,Green Bay Packers,,,,,,,,14.989999771118164,1.5700000524520874,0.6899999976158142,2.4000000953674316
Luke Musgrave,TE,Green Bay Packers,,,,,,,,14.989999771118164,1.5700000524520874,0.6899999976158142,2.4000000953674316
John FitzPatrick,TE,Green Bay Packers,,,,,,,,14.989999771118164,1.5700000524520874,0.6899999976158142,2.4000000953674316
Romeo Doubs,WR,Green Bay Packers,,,,,,,,15.40999984741211,1.559999942779541,0.6299999952316284,2.3399999141693115
Matthew Golden,WR,Green Bay Packers,,,,,,,,15.40999984741211,1.559999942779541,0.6299999952316284,2.3399999141693115
Christian Watson,WR,Green Bay Packers,,,,,,,,15.40999984741211,1.559999942779541,0.6299999952316284,2.3399999141693115
Savion Williams,WR,Green Bay Packers,,,,,,,,15.40999984741211,1.559999942779541,0.6299999952316284,2.3399999141693115
Malik Heath,WR,Green Bay Packers,,,,,,,,15.40999984741211,1.559999942779541,0.6299999952316284,2.3399999141693115
Dontayvion Wicks,WR,Green Bay Packers,,,,,,,,15.40999984741211,1.559999942779541,0.6299999952316284,2.3399999141693115
C.J. Stroud,QB,Houston Texans,96.43000030517578,11.720000267028809,48.83000183105469,0.9900000095367432,,,,,,,
Davis Mills,QB,Houston Texans,96.43000030517578,11.720000267028809,48.83000183105469,0.9900000095367432,,,,,,,
Graham Mertz,QB,Houston Texans,96.43000030517578,11.720000267028809,48.83000183105469,0.9900000095367432,,,,,,,
Woody Marks,RB,Houston Texans,,,,,8.9399995803833,0.18000000715255737,2.309999942779541,,,,
Nick Chubb,RB,Houston Texans,,,,,8.9399995803833,0.18000000715255737,2.309999942779541,,,,
Dare Ogunbowale,RB,Houston Texans,,,,,8.9399995803833,0.18000000715255737,2.309999942779541,,,,
Dameon Pierce,RB,Houston Texans,,,,,8.9399995803833,0.18000000715255737,2.309999942779541,,,,
Dalton Schultz,TE,Houston Texans,,,,,,,,14.989999771118164,1.5700000524520874,0.6899999976158142,2.4000000953674316
Harrison Bryant,TE,Houston Texans,,,,,,,,14.989999771118164,1.5700000524520874,0.6899999976158142,2.4000000953674316
Nico Collins,WR,Houston Texans,,,,,,,,15.40999984741211,1.559999942779541,0.6299999952316284,2.3399999141693115
Xavier Hutchinson,WR,Houston Texans,,,,,,,,15.40999984741211,1.559999942779541,0.6299999952316284,2.3399999141693115
Christian Kirk,WR,Houston Texans,,,,,,,,15.40999984741211,1.559999942779541,0.6299999952316284,2.3399999141693115
Jaylin Noel,WR,Houston Texans,,,,,,,,15.40999984741211,1.559999942779541,0.6299999952316284,2.3399999141693115
Jayden Higgins,WR,Houston Texans,,,,,,,,15.40999984741211,1.559999942779541,0.6299999952316284,2.3399999141693115
Braxton Berrios,WR,Houston Texans,,,,,,,,15.40999984741211,1.559999942779541,0.6299999952316284,2.3399999141693115
Daniel Jones,QB,Indianapolis Colts,96.43000030517578,11.720000267028809,48.83000183105469,0.9900000095367432,,,,,,,
Riley Leonard,QB,Indianapolis Colts,96.43000030517578,11.720000267028809,48.83000183105469,0.9900000095367432,,,,,,,
Jonathan Taylor,RB,Indianapolis Colts,,,,,8.9399995803833,0.18000000715255737,2.309999942779541,,,,
DJ Giddens,RB,Indianapolis Colts,,,,,8.9399995803833,0.18000000715255737,2.309999942779541,,,,
Tyler Goodson,RB,Indianapolis Colts,,,,,8.9399995803833,0.18000000715255737,2.309999942779541,,,,
Ameer Abdullah,RB,Indianapolis Colts,,,,,8.9399995803833,0.18000000715255737,2.309999942779541,,,,
Tyler Warren,TE,Indianapolis Colts,,,,,,,,14.989999771118164,1.5700000524520874,0.6899999976158142,2.4000000953674316
Mo Alie-Cox,TE,Indianapolis Colts,,,,,,,,14.989999771118164,1.5700000524520874,0.6899999976158142,2.4000000953674316
Drew Ogletree,TE,Indianapolis Colts,,,,,,,,14.989999771118164,1.5700000524520874,0.6899999976158142,2.4000000953674316
Will Mallory,TE,Indianapolis Colts,,,,,,,,14.989999771118164,1.5700000524520874,0.6899999976158142,2.4000000953674316
Michael Pittman Jr.,WR,Indianapolis Colts,,,,,,,,15.40999984741211,1.559999942779541,0.6299999952316284,2.3399999141693115
Alec Pierce,WR,Indianapolis Colts,,,,,,,,15.40999984741211,1.559999942779541,0.6299999952316284,2.3399999141693115
Josh Downs,WR,Indianapolis Colts,,,,,,,,15.40999984741211,1.559999942779541,0.6299999952316284,2.3399999141693115
Adonai Mitchell,WR,Indianapolis Colts,,,,,,,,15.40999984741211,1.559999942779541,0.6299999952316284,2.3399999141693115
Ashton Dulin,WR,Indianapolis Colts,,,,,,,,15.40999984741211,1.559999942779541,0.6299999952316284,2.3399999141693115
Anthony Gould,WR,Indianapolis Colts,,,,,,,,15.40999984741211,1.559999942779541,0.6299999952316284,2.3399999141693115
Trevor Lawrence,QB,Jacksonville Jaguars,96.43000030517578,11.720000267028809,48.83000183105469,0.9900000095367432,,,,,,,
Nick Mullens,QB,Jacksonville Jaguars,96.43000030517578,11.720000267028809,48.83000183105469,0.9900000095367432,,,,,,,
Travis Etienne Jr.,RB,Jacksonville Jaguars,,,,,8.9399995803833,0.18000000715255737,2.309999942779541,,,,
Bhayshul Tuten,RB,Jacksonville Jaguars,,,,,8.9399995803833,0.18000000715255737,2.309999942779541,,,,
LeQuint Allen Jr.,RB,Jacksonville Jaguars,,,,,8.9399995803833,0.18000000715255737,2.309999942779541,,,,
Cody Schrader,RB,Jacksonville Jaguars,,,,,8.9399995803833,0.18000000715255737,2.309999942779541,,,,
Hunter Long,TE,Jacksonville Jaguars,,,,,,,,14.989999771118164,1.5700000524520874,0.6899999976158142,2.4000000953674316
Johnny Mundt,TE,Jacksonville Jaguars,,,,,,,,14.989999771118164,1.5700000524520874,0.6899999976158142,2.4000000953674316
Quintin Morris,TE,Jacksonville Jaguars,,,,,,,,14.989999771118164,1.5700000524520874,0.6899999976158142,2.4000000953674316
Brian Thomas Jr.,WR,Jacksonville Jaguars,,,,,,,,15.40999984741211,1.559999942779541,0.6299999952316284,2.3399999141693115
Dyami Brown,WR,Jacksonville Jaguars,,,,,,,,15.40999984741211,1.559999942779541,0.6299999952316284,2.3399999141693115
Travis Hunter,WR,Jacksonville Jaguars,,,,,,,,15.40999984741211,1.559999942779541,0.6299999952316284,2.3399999141693115
Tim Patrick,WR,Jacksonville Jaguars,,,,,,,,15.40999984741211,1.559999942779541,0.6299999952316284,2.3399999141693115
Parker Washington,WR,Jacksonville Jaguars,,,,,,,,15.40999984741211,1.559999942779541,0.6299999952316284,2.3399999141693115
Patrick Mahomes,QB,Kansas City Chiefs,96.43000030517578,11.720000267028809,48.83000183105469,0.9900000095367432,,,,,,,
Gardner Minshew II,QB,Kansas City Chiefs,96.43000030517578,11.720000267028809,48.83000183105469,0.9900000095367432,,,,,,,
Isiah Pacheco,RB,Kansas City Chiefs,,,,,8.9399995803833,0.18000000715255737,2.309999942779541,,,,
Kareem Hunt,RB,Kansas City Chiefs,,,,,8.9399995803833,0.18000000715255737,2.309999942779541,,,,
Brashard Smith,RB,Kansas City Chiefs,,,,,8.9399995803833,0.18000000715255737,2.309999942779541,,,,
Elijah Mitchell,RB,Kansas City Chiefs,,,,,8.9399995803833,0.18000000715255737,2.309999942779541,,,,
Travis Kelce,TE,Kansas City Chiefs,,,,,,,,14.989999771118164,1.5700000524520874,0.6899999976158142,2.4000000953674316
Noah Gray,TE,Kansas City Chiefs,,,,,,,,14.989999771118164,1.5700000524520874,0.6899999976158142,2.4000000953674316
Robert Tonyan,TE,Kansas City Chiefs,,,,,,,,14.989999771118164,1.5700000524520874,0.6899999976158142,2.4000000953674316
Jared Wiley,TE,Kansas City Chiefs,,,,,,,,14.989999771118164,1.5700000524520874,0.6899999976158142,2.4000000953674316
Xavier Worthy,WR,Kansas City Chiefs,,,,,,,,15.40999984741211,1.559999942779541,0.6299999952316284,2.3399999141693115
Hollywood Brown,WR,Kansas City Chiefs,,,,,,,,15.40999984741211,1.559999942779541,0.6299999952316284,2.3399999141693115
Rashee Rice,WR,Kansas City Chiefs,,,,,,,,15.40999984741211,1.559999942779541,0.6299999952316284,2.3399999141693115
Tyquan Thornton,WR,Kansas City Chiefs,,,,,,,,15.40999984741211,1.559999942779541,0.6299999952316284,2.3399999141693115
JuJu Smith-Schuster,WR,Kansas City Chiefs,,,,,,,,15.40999984741211,1.559999942779541,0.6299999952316284,2.3399999141693115
Nikko Remigio,WR,Kansas City Chiefs,,,,,,,,15.40999984741211,1.559999942779541,0.6299999952316284,2.3399999141693115
Geno Smith,QB,Las Vegas Raiders,96.43000030517578,11.720000267028809,48.83000183105469,0.9900000095367432,,,,,,,
Kenny Pickett,QB,Las Vegas Raiders,96.43000030517578,11.720000267028809,48.83000183105469,0.9900000095367432,,,,,,,
Ashton Jeanty,RB,Las Vegas Raiders,,,,,8.9399995803833,0.18000000715255737,2.309999942779541,,,,
Raheem Mostert,RB,Las Vegas Raiders,,,,,8.9399995803833,0.18000000715255737,2.309999942779541,,,,
Dylan Laube,RB,Las Vegas Raiders,,,,,8.9399995803833,0.18000000715255737,2.309999942779541,,,,
Zamir White,RB,Las Vegas Raiders,,,,,8.9399995803833,0.18000000715255737,2.309999942779541,,,,
Brock Bowers,TE,Las Vegas Raiders,,,,,,,,14.989999771118164,1.5700000524520874,0.6899999976158142,2.4000000953674316
Michael Mayer,TE,Las Vegas Raiders,,,,,,,,14.989999771118164,1.5700000524520874,0.6899999976158142,2.4000000953674316
Ian Thomas,TE,Las Vegas Raiders,,,,,,,,14.989999771118164,1.5700000524520874,0.6899999976158142,2.4000000953674316
Carter Runyon,TE,Las Vegas Raiders,,,,,,,,14.989999771118164,1.5700000524520874,0.6899999976158142,2.4000000953674316
Jakobi Meyers,WR,Las Vegas Raiders,,,,,,,,15.40999984741211,1.559999942779541,0.6299999952316284,2.3399999141693115
Tre Tucker,WR,Las Vegas Raiders,,,,,,,,15.40999984741211,1.559999942779541,0.6299999952316284,2.3399999141693115
Tyler Lockett,WR,Las Vegas Raiders,,,,,,,,15.40999984741211,1.559999942779541,0.6299999952316284,2.3399999141693115
Dont'e Thornton Jr.,WR,Las Vegas Raiders,,,,,,,,15.40999984741211,1.559999942779541,0.6299999952316284,2.3399999141693115
Alex Bachman,WR,Las Vegas Raiders,,,,,,,,15.40999984741211,1.559999942779541,0.6299999952316284,2.3399999141693115
Jack Bech,WR,Las Vegas Raiders,,,,,,,,15.40999984741211,1.559999942779541,0.6299999952316284,2.3399999141693115
Matthew Stafford,QB,Los Angeles Rams,96.43000030517578,11.720000267028809,48.83000183105469,0.9900000095367432,,,,,,,
Jimmy Garoppolo,QB,Los Angeles Rams,96.43000030517578,11.720000267028809,48.83000183105469,0.9900000095367432,,,,,,,
Stetson Bennett IV,QB,Los Angeles Rams,96.43000030517578,11.720000267028809,48.83000183105469,0.9900000095367432,,,,,,,
Kyren Williams,RB,Los Angeles Rams,,,,,8.9399995803833,0.18000000715255737,2.309999942779541,,,,
Blake Corum,RB,Los Angeles Rams,,,,,8.9399995803833,0.18000000715255737,2.309999942779541,,,,
Jarquez Hunter,RB,Los Angeles Rams,,,,,8.9399995803833,0.18000000715255737,2.309999942779541,,,,
Tyler Higbee,TE,Los Angeles Rams,,,,,,,,14.989999771118164,1.5700000524520874,0.6899999976158142,2.4000000953674316
Davis Allen,TE,Los Angeles Rams,,,,,,,,14.989999771118164,1.5700000524520874,0.6899999976158142,2.4000000953674316
Colby Parkinson,TE,Los Angeles Rams,,,,,,,,14.989999771118164,1.5700000524520874,0.6899999976158142,2.4000000953674316
Terrance Ferguson,TE,Los Angeles Rams,,,,,,,,14.989999771118164,1.5700000524520874,0.6899999976158142,2.4000000953674316
Davante Adams,WR,Los Angeles Rams,,,,,,,,15.40999984741211,1.559999942779541,0.6299999952316284,2.3399999141693115
Puka Nacua,WR,Los Angeles Rams,,,,,,,,15.40999984741211,1.559999942779541,0.6299999952316284,2.3399999141693115
Jordan Whittington,WR,Los Angeles Rams,,,,,,,,15.40999984741211,1.559999942779541,0.6299999952316284,2.3399999141693115
Xavier Smith,WR,Los Angeles Rams,,,,,,,,15.40999984741211,1.559999942779541,0.6299999952316284,2.3399999141693115
Konata Mumpfield,WR,Los Angeles Rams,,,,,,,,15.40999984741211,1.559999942779541,0.6299999952316284,2.3399999141693115
Justin Herbert,QB,Los Angeles Chargers,96.43000030517578,11.720000267028809,48.83000183105469,0.9900000095367432,,,,,,,
Trey Lance,QB,Los Angeles Chargers,96.43000030517578,11.720000267028809,48.83000183105469,0.9900000095367432,,,,,,,
Kimani Vidal,RB,Los Angeles Chargers,,,,,8.9399995803833,0.18000000715255737,2.309999942779541,,,,
Hassan Haskins,RB,Los Angeles Chargers,,,,,8.9399995803833,0.18000000715255737,2.309999942779541,,,,
Oronde Gadsden II,TE,Los Angeles Chargers,,,,,,,,14.989999771118164,1.5700000524520874,0.6899999976158142,2.4000000953674316
Will Dissly,TE,Los Angeles Chargers,,,,,,,,14.989999771118164,1.5700000524520874,0.6899999976158142,2.4000000953674316
Tyler Conklin,TE,Los Angeles Chargers,,,,,,,,14.989999771118164,1.5700000524520874,0.6899999976158142,2.4000000953674316
Tucker Fisk,TE,Los Angeles Chargers,,,,,,,,14.989999771118164,1.5700000524520874,0.6899999976158142,2.4000000953674316
Quentin Johnston,WR,Los Angeles Chargers,,,,,,,,15.40999984741211,1.559999942779541,0.6299999952316284,2.3399999141693115
Ladd McConkey,WR,Los Angeles Chargers,,,,,,,,15.40999984741211,1.559999942779541,0.6299999952316284,2.3399999141693115
Keenan Allen,WR,Los Angeles Chargers,,,,,,,,15.40999984741211,1.559999942779541,0.6299999952316284,2.3399999141693115
Tre' Harris,WR,Los Angeles Chargers,,,,,,,,15.40999984741211,1.559999942779541,0.6299999952316284,2.3399999141693115
KeAndre Lambert-Smith,WR,Los Angeles Chargers,,,,,,,,15.40999984741211,1.559999942779541,0.6299999952316284,2.3399999141693115
Derius Davis,WR,Los Angeles Chargers,,,,,,,,15.40999984741211,1.559999942779541,0.6299999952316284,2.3399999141693115
Tua Tagovailoa,QB,Miami Dolphins,96.43000030517578,11.720000267028809,48.83000183105469,0.9900000095367432,,,,,,,
Zach Wilson,QB,Miami Dolphins,96.43000030517578,11.720000267028809,48.83000183105469,0.9900000095367432,,,,,,,
Quinn Ewers,QB,Miami Dolphins,96.43000030517578,11.720000267028809,48.83000183105469,0.9900000095367432,,,,,,,
De'Von Achane,RB,Miami Dolphins,,,,,8.9399995803833,0.18000000715255737,2.309999942779541,,,,
Jaylen Wright,RB,Miami Dolphins,,,,,8.9399995803833,0.18000000715255737,2.309999942779541,,,,
Ollie Gordon II,RB,Miami Dolphins,,,,,8.9399995803833,0.18000000715255737,2.309999942779541,,,,
Julian Hill,TE,Miami Dolphins,,,,,,,,14.989999771118164,1.5700000524520874,0.6899999976158142,2.4000000953674316
Greg Dulcich,TE,Miami Dolphins,,,,,,,,14.989999771118164,1.5700000524520874,0.6899999976158142,2.4000000953674316
Tanner Conner,TE,Miami Dolphins,,,,,,,,14.989999771118164,1.5700000524520874,0.6899999976158142,2.4000000953674316
Jaylen Waddle,WR,Miami Dolphins,,,,,,,,15.40999984741211,1.559999942779541,0.6299999952316284,2.3399999141693115
Malik Washington,WR,Miami Dolphins,,,,,,,,15.40999984741211,1.559999942779541,0.6299999952316284,2.3399999141693115
Nick Westbrook-Ikhine,WR,Miami Dolphins,,,,,,,,15.40999984741211,1.559999942779541,0.6299999952316284,2.3399999141693115
Dee Eskridge,WR,Miami Dolphins,,,,,,,,15.40999984741211,1.559999942779541,0.6299999952316284,2.3399999141693115
Tahj Washington,WR,Miami Dolphins,,,,,,,,15.40999984741211,1.559999942779541,0.6299999952316284,2.3399999141693115
Cedrick Wilson Jr.,WR,Miami Dolphins,,,,,,,,15.40999984741211,1.559999942779541,0.6299999952316284,2.3399999141693115
J.J. McCarthy,QB,Minnesota Vikings,96.43000030517578,11.720000267028809,48.83000183105469,0.9900000095367432,,,,,,,
Max Brosmer,QB,Minnesota Vikings,96.43000030517578,11.720000267028809,48.83000183105469,0.9900000095367432,,,,,,,
Aaron Jones Sr.,RB,Minnesota Vikings,,,,,8.9399995803833,0.18000000715255737,2.309999942779541,,,,
Jordan Mason,RB,Minnesota Vikings,,,,,8.9399995803833,0.18000000715255737,2.309999942779541,,,,
Zavier Scott,RB,Minnesota Vikings,,,,,8.9399995803833,0.18000000715255737,2.309999942779541,,,,
C.J. Ham,RB,Minnesota Vikings,,,,,8.9399995803833,0.18000000715255737,2.309999942779541,,,,
T.J. Hockenson,TE,Minnesota Vikings,,,,,,,,14.989999771118164,1.5700000524520874,0.6899999976158142,2.4000000953674316
Josh Oliver,TE,Minnesota Vikings,,,,,,,,14.989999771118164,1.5700000524520874,0.6899999976158142,2.4000000953674316
Ben Yurosek,TE,Minnesota Vikings,,,,,,,,14.989999771118164,1.5700000524520874,0.6899999976158142,2.4000000953674316
Ben Sims,TE,Minnesota Vikings,,,,,,,,14.989999771118164,1.5700000524520874,0.6899999976158142,2.4000000953674316
Justin Jefferson,WR,Minnesota Vikings,,,,,,,,15.40999984741211,1.559999942779541,0.6299999952316284,2.3399999141693115
Jordan Addison,WR,Minnesota Vikings,,,,,,,,15.40999984741211,1.559999942779541,0.6299999952316284,2.3399999141693115
Jalen Nailor,WR,Minnesota Vikings,,,,,,,,15.40999984741211,1.559999942779541,0.6299999952316284,2.3399999141693115
Adam Thielen,WR,Minnesota Vikings,,,,,,,,15.40999984741211,1.559999942779541,0.6299999952316284,2.3399999141693115
Tai Felton,WR,Minnesota Vikings,,,,,,,,15.40999984741211,1.559999942779541,0.6299999952316284,2.3399999141693115
Myles Price,WR,Minnesota Vikings,,,,,,,,15.40999984741211,1.559999942779541,0.6299999952316284,2.3399999141693115
Drake Maye,QB,New England Patriots,96.43000030517578,11.720000267028809,48.83000183105469,0.9900000095367432,,,,,,,
Joshua Dobbs,QB,New England Patriots,96.43000030517578,11.720000267028809,48.83000183105469,0.9900000095367432,,,,,,,
Tommy DeVito,QB,New England Patriots,96.43000030517578,11.720000267028809,48.83000183105469,0.9900000095367432,,,,,,,
Rhamondre Stevenson,RB,New England Patriots,,,,,8.9399995803833,0.18000000715255737,2.309999942779541,,,,
TreVeyon Henderson,RB,New England Patriots,,,,,8.9399995803833,0.18000000715255737,2.309999942779541,,,,
Terrell Jennings,RB,New England Patriots,,,,,8.9399995803833,0.18000000715255737,2.309999942779541,,,,
Hunter Henry,TE,New England Patriots,,,,,,,,14.989999771118164,1.5700000524520874,0.6899999976158142,2.4000000953674316
Austin Hooper,TE,New England Patriots,,,,,,,,14.989999771118164,1.5700000524520874,0.6899999976158142,2.4000000953674316
Kayshon Boutte,WR,New England Patriots,,,,,,,,15.40999984741211,1.559999942779541,0.6299999952316284,2.3399999141693115
Stefon Diggs,WR,New England Patriots,,,,,,,,15.40999984741211,1.559999942779541,0.6299999952316284,2.3399999141693115
Mack Hollins,WR,New England Patriots,,,,,,,,15.40999984741211,1.559999942779541,0.6299999952316284,2.3399999141693115
Efton Chism III,WR,New England Patriots,,,,,,,,15.40999984741211,1.559999942779541,0.6299999952316284,2.3399999141693115
Kyle Williams,WR,New England Patriots,,,,,,,,15.40999984741211,1.559999942779541,0.6299999952316284,2.3399999141693115
DeMario Douglas,WR,New England Patriots,,,,,,,,15.40999984741211,1.559999942779541,0.6299999952316284,2.3399999141693115
Tyler Shough,QB,New Orleans Saints,96.43000030517578,11.720000267028809,48.83000183105469,0.9900000095367432,,,,,,,
Spencer Rattler,QB,New Orleans Saints,96.43000030517578,11.720000267028809,48.83000183105469,0.9900000095367432,,,,,,,
Taysom Hill,QB,New Orleans Saints,96.43000030517578,11.720000267028809,48.83000183105469,0.9900000095367432,,,,,,,
Alvin Kamara,RB,New Orleans Saints,,,,,8.9399995803833,0.18000000715255737,2.309999942779541,,,,
Devin Neal,RB,New Orleans Saints,,,,,8.9399995803833,0.18000000715255737,2.309999942779541,,,,
Juwan Johnson,TE,New Orleans Saints,,,,,,,,14.989999771118164,1.5700000524520874,0.6899999976158142,2.4000000953674316
Foster Moreau,TE,New Orleans Saints,,,,,,,,14.989999771118164,1.5700000524520874,0.6899999976158142,2.4000000953674316
Jack Stoll,TE,New Orleans Saints,,,,,,,,14.989999771118164,1.5700000524520874,0.6899999976158142,2.4000000953674316
Zaire Mitchell-Paden,TE,New Orleans Saints,,,,,,,,14.989999771118164,1.5700000524520874,0.6899999976158142,2.4000000953674316
Chris Olave,WR,New Orleans Saints,,,,,,,,15.40999984741211,1.559999942779541,0.6299999952316284,2.3399999141693115
Rashid Shaheed,WR,New Orleans Saints,,,,,,,,15.40999984741211,1.559999942779541,0.6299999952316284,2.3399999141693115
Brandin Cooks,WR,New Orleans Saints,,,,,,,,15.40999984741211,1.559999942779541,0.6299999952316284,2.3399999141693115
Devaughn Vele,WR,New Orleans Saints,,,,,,,,15.40999984741211,1.559999942779541,0.6299999952316284,2.3399999141693115
Mason Tipton,WR,New Orleans Saints,,,,,,,,15.40999984741211,1.559999942779541,0.6299999952316284,2.3399999141693115
Jaxson Dart,QB,New York Giants,96.43000030517578,11.720000267028809,48.83000183105469,0.9900000095367432,,,,,,,
Russell Wilson,QB,New York Giants,96.43000030517578,11.720000267028809,48.83000183105469,0.9900000095367432,,,,,,,
Jameis Winston,QB,New York Giants,96.43000030517578,11.720000267028809,48.83000183105469,0.9900000095367432,,,,,,,
Tyrone Tracy Jr.,RB,New York Giants,,,,,8.9399995803833,0.18000000715255737,2.309999942779541,,,,
Devin Singletary,RB,New York Giants,,,,,8.9399995803833,0.18000000715255737,2.309999942779541,,,,
Theo Johnson,TE,New York Giants,,,,,,,,14.989999771118164,1.5700000524520874,0.6899999976158142,2.4000000953674316
Daniel Bellinger,TE,New York Giants,,,,,,,,14.989999771118164,1.5700000524520874,0.6899999976158142,2.4000000953674316
Chris Manhertz,TE,New York Giants,,,,,,,,14.989999771118164,1.5700000524520874,0.6899999976158142,2.4000000953674316
Thomas Fidone II,TE,New York Giants,,,,,,,,14.989999771118164,1.5700000524520874,0.6899999976158142,2.4000000953674316
Darius Slayton,WR,New York Giants,,,,,,,,15.40999984741211,1.559999942779541,0.6299999952316284,2.3399999141693115
Wan'Dale Robinson,WR,New York Giants,,,,,,,,15.40999984741211,1.559999942779541,0.6299999952316284,2.3399999141693115
Jalin Hyatt,WR,New York Giants,,,,,,,,15.40999984741211,1.559999942779541,0.6299999952316284,2.3399999141693115
Gunner Olszewski,WR,New York Giants,,,,,,,,15.40999984741211,1.559999942779541,0.6299999952316284,2.3399999141693115
Beaux Collins,WR,New York Giants,,,,,,,,15.40999984741211,1.559999942779541,0.6299999952316284,2.3399999141693115
Justin Fields,QB,New York Jets,96.43000030517578,11.720000267028809,48.83000183105469,0.9900000095367432,,,,,,,
Tyrod Taylor,QB,New York Jets,96.43000030517578,11.720000267028809,48.83000183105469,0.9900000095367432,,,,,,,
Breece Hall,RB,New York Jets,,,,,8.9399995803833,0.18000000715255737,2.309999942779541,,,,
Isaiah Davis,RB,New York Jets,,,,,8.9399995803833,0.18000000715255737,2.309999942779541,,,,
Kene Nwangwu,RB,New York Jets,,,,,8.9399995803833,0.18000000715255737,2.309999942779541,,,,
Khalil Herbert,RB,New York Jets,,,,,8.9399995803833,0.18000000715255737,2.309999942779541,,,,
Mason Taylor,TE,New York Jets,,,,,,,,14.989999771118164,1.5700000524520874,0.6899999976158142,2.4000000953674316
Jeremy Ruckert,TE,New York Jets,,,,,,,,14.989999771118164,1.5700000524520874,0.6899999976158142,2.4000000953674316
Stone Smartt,TE,New York Jets,,,,,,,,14.989999771118164,1.5700000524520874,0.6899999976158142,2.4000000953674316
Jelani Woods,TE,New York Jets,,,,,,,,14.989999771118164,1.5700000524520874,0.6899999976158142,2.4000000953674316
Garrett Wilson,WR,New York Jets,,,,,,,,15.40999984741211,1.559999942779541,0.6299999952316284,2.3399999141693115
Allen Lazard,WR,New York Jets,,,,,,,,15.40999984741211,1.559999942779541,0.6299999952316284,2.3399999141693115
Arian Smith,WR,New York Jets,,,,,,,,15.40999984741211,1.559999942779541,0.6299999952316284,2.3399999141693115
Tyler Johnson,WR,New York Jets,,,,,,,,15.40999984741211,1.559999942779541,0.6299999952316284,2.3399999141693115
Isaiah Williams,WR,New York Jets,,,,,,,,15.40999984741211,1.559999942779541,0.6299999952316284,2.3399999141693115
John Metchie III,WR,New York Jets,,,,,,,,15.40999984741211,1.559999942779541,0.6299999952316284,2.3399999141693115
Jalen Hurts,QB,Philadelphia Eagles,96.43000030517578,11.720000267028809,48.83000183105469,0.9900000095367432,,,,,,,
Sam Howell,QB,Philadelphia Eagles,96.43000030517578,11.720000267028809,48.83000183105469,0.9900000095367432,,,,,,,
Tanner McKee,QB,Philadelphia Eagles,96.43000030517578,11.720000267028809,48.83000183105469,0.9900000095367432,,,,,,,
Saquon Barkley,RB,Philadelphia Eagles,,,,,8.9399995803833,0.18000000715255737,2.309999942779541,,,,
Tank Bigsby,RB,Philadelphia Eagles,,,,,8.9399995803833,0.18000000715255737,2.309999942779541,,,,
A.J. Dillon,RB,Philadelphia Eagles,,,,,8.9399995803833,0.18000000715255737,2.309999942779541,,,,
Will Shipley,RB,Philadelphia Eagles,,,,,8.9399995803833,0.18000000715255737,2.309999942779541,,,,
Dallas Goedert,TE,Philadelphia Eagles,,,,,,,,14.989999771118164,1.5700000524520874,0.6899999976158142,2.4000000953674316
Grant Calcaterra,TE,Philadelphia Eagles,,,,,,,,14.989999771118164,1.5700000524520874,0.6899999976158142,2.4000000953674316
Kylen Granson,TE,Philadelphia Eagles,,,,,,,,14.989999771118164,1.5700000524520874,0.6899999976158142,2.4000000953674316
Cameron Latu,TE,Philadelphia Eagles,,,,,,,,14.989999771118164,1.5700000524520874,0.6899999976158142,2.4000000953674316
A.J. Brown,WR,Philadelphia Eagles,,,,,,,,15.40999984741211,1.559999942779541,0.6299999952316284,2.3399999141693115
DeVonta Smith,WR,Philadelphia Eagles,,,,,,,,15.40999984741211,1.559999942779541,0.6299999952316284,2.3399999141693115
Jahan Dotson,WR,Philadelphia Eagles,,,,,,,,15.40999984741211,1.559999942779541,0.6299999952316284,2.3399999141693115
Xavier Gipson,WR,Philadelphia Eagles,,,,,,,,15.40999984741211,1.559999942779541,0.6299999952316284,2.3399999141693115
Darius Cooper,WR,Philadelphia Eagles,,,,,,,,15.40999984741211,1.559999942779541,0.6299999952316284,2.3399999141693115
Aaron Rodgers,QB,Pittsburgh Steelers,96.43000030517578,11.720000267028809,48.83000183105469,0.9900000095367432,,,,,,,
Mason Rudolph,QB,Pittsburgh Steelers,96.43000030517578,11.720000267028809,48.83000183105469,0.9900000095367432,,,,,,,
Jaylen Warren,RB,Pittsburgh Steelers,,,,,8.9399995803833,0.18000000715255737,2.309999942779541,,,,
Kenneth Gainwell,RB,Pittsburgh Steelers,,,,,8.9399995803833,0.18000000715255737,2.309999942779541,,,,
Kaleb Johnson,RB,Pittsburgh Steelers,,,,,8.9399995803833,0.18000000715255737,2.309999942779541,,,,
Pat Freiermuth,TE,Pittsburgh Steelers,,,,,,,,14.989999771118164,1.5700000524520874,0.6899999976158142,2.4000000953674316
Jonnu Smith,TE,Pittsburgh Steelers,,,,,,,,14.989999771118164,1.5700000524520874,0.6899999976158142,2.4000000953674316
Darnell Washington,TE,Pittsburgh Steelers,,,,,,,,14.989999771118164,1.5700000524520874,0.6899999976158142,2.4000000953674316
DK Metcalf,WR,Pittsburgh Steelers,,,,,,,,15.40999984741211,1.559999942779541,0.6299999952316284,2.3399999141693115
Calvin Austin III,WR,Pittsburgh Steelers,,,,,,,,15.40999984741211,1.559999942779541,0.6299999952316284,2.3399999141693115
Roman Wilson,WR,Pittsburgh Steelers,,,,,,,,15.40999984741211,1.559999942779541,0.6299999952316284,2.3399999141693115
Scotty Miller,WR,Pittsburgh Steelers,,,,,,,,15.40999984741211,1.559999942779541,0.6299999952316284,2.3399999141693115
Ben Skowronek,WR,Pittsburgh Steelers,,,,,,,,15.40999984741211,1.559999942779541,0.6299999952316284,2.3399999141693115
Ke'Shawn Williams,WR,Pittsburgh Steelers,,,,,,,,15.40999984741211,1.559999942779541,0.6299999952316284,2.3399999141693115
Brock Purdy,QB,San Francisco 49ers,96.43000030517578,11.720000267028809,48.83000183105469,0.9900000095367432,,,,,,,
Mac Jones,QB,San Francisco 49ers,96.43000030517578,11.720000267028809,48.83000183105469,0.9900000095367432,,,,,,,
Adrian Martinez,QB,San Francisco 49ers,96.43000030517578,11.720000267028809,48.83000183105469,0.9900000095367432,,,,,,,
Christian McCaffrey,RB,San Francisco 49ers,,,,,8.9399995803833,0.18000000715255737,2.309999942779541,,,,
Brian Robinson Jr.,RB,San Francisco 49ers,,,,,8.9399995803833,0.18000000715255737,2.309999942779541,,,,
Isaac Guerendo,RB,San Francisco 49ers,,,,,8.9399995803833,0.18000000715255737,2.309999942779541,,,,
Jordan James,RB,San Francisco 49ers,,,,,8.9399995803833,0.18000000715255737,2.309999942779541,,,,
George Kittle,TE,San Francisco 49ers,,,,,,,,14.989999771118164,1.5700000524520874,0.6899999976158142,2.4000000953674316
Jake Tonges,TE,San Francisco 49ers,,,,,,,,14.989999771118164,1.5700000524520874,0.6899999976158142,2.4000000953674316
Luke Farrell,TE,San Francisco 49ers,,,,,,,,14.989999771118164,1.5700000524520874,0.6899999976158142,2.4000000953674316
Ricky Pearsall,WR,San Francisco 49ers,,,,,,,,15.40999984741211,1.559999942779541,0.6299999952316284,2.3399999141693115
Jauan Jennings,WR,San Francisco 49ers,,,,,,,,15.40999984741211,1.559999942779541,0.6299999952316284,2.3399999141693115
Kendrick Bourne,WR,San Francisco 49ers,,,,,,,,15.40999984741211,1.559999942779541,0.6299999952316284,2.3399999141693115
Demarcus Robinson,WR,San Francisco 49ers,,,,,,,,15.40999984741211,1.559999942779541,0.6299999952316284,2.3399999141693115
Skyy Moore,WR,San Francisco 49ers,,,,,,,,15.40999984741211,1.559999942779541,0.6299999952316284,2.3399999141693115
Jordan Watkins,WR,San Francisco 49ers,,,,,,,,15.40999984741211,1.559999942779541,0.6299999952316284,2.3399999141693115
Sam Darnold,QB,Seattle Seahawks,96.43000030517578,11.720000267028809,48.83000183105469,0.9900000095367432,,,,,,,
Drew Lock,QB,Seattle Seahawks,96.43000030517578,11.720000267028809,48.83000183105469,0.9900000095367432,,,,,,,
Jalen Milroe,QB,Seattle Seahawks,96.43000030517578,11.720000267028809,48.83000183105469,0.9900000095367432,,,,,,,
Kenneth Walker III,RB,Seattle Seahawks,,,,,8.9399995803833,0.18000000715255737,2.309999942779541,,,,
Zach Charbonnet,RB,Seattle Seahawks,,,,,8.9399995803833,0.18000000715255737,2.309999942779541,,,,
George Holani,RB,Seattle Seahawks,,,,,8.9399995803833,0.18000000715255737,2.309999942779541,,,,
AJ Barner,TE,Seattle Seahawks,,,,,,,,14.989999771118164,1.5700000524520874,0.6899999976158142,2.4000000953674316
Elijah Arroyo,TE,Seattle Seahawks,,,,,,,,14.989999771118164,1.5700000524520874,0.6899999976158142,2.4000000953674316
Nick Kallerup,TE,Seattle Seahawks,,,,,,,,14.989999771118164,1.5700000524520874,0.6899999976158142,2.4000000953674316
Eric Saubert,TE,Seattle Seahawks,,,,,,,,14.989999771118164,1.5700000524520874,0.6899999976158142,2.4000000953674316
Jaxon Smith-Njigba,WR,Seattle Seahawks,,,,,,,,15.40999984741211,1.559999942779541,0.6299999952316284,2.3399999141693115
Tory Horton,WR,Seattle Seahawks,,,,,,,,15.40999984741211,1.559999942779541,0.6299999952316284,2.3399999141693115
Cooper Kupp,WR,Seattle Seahawks,,,,,,,,15.40999984741211,1.559999942779541,0.6299999952316284,2.3399999141693115
Jake Bobo,WR,Seattle Seahawks,,,,,,,,15.40999984741211,1.559999942779541,0.6299999952316284,2.3399999141693115
Dareke Young,WR,Seattle Seahawks,,,,,,,,15.40999984741211,1.559999942779541,0.6299999952316284,2.3399999141693115
Baker Mayfield,QB,Tampa Bay Buccaneers,96.43000030517578,11.720000267028809,48.83000183105469,0.9900000095367432,,,,,,,
Teddy Bridgewater,QB,Tampa Bay Buccaneers,96.43000030517578,11.720000267028809,48.83000183105469,0.9900000095367432,,,,,,,
Bucky Irving,RB,Tampa Bay Buccaneers,,,,,8.9399995803833,0.18000000715255737,2.309999942779541,,,,
Rachaad White,RB,Tampa Bay Buccaneers,,,,,8.9399995803833,0.18000000715255737,2.309999942779541,,,,
Sean Tucker,RB,Tampa Bay Buccaneers,,,,,8.9399995803833,0.18000000715255737,2.309999942779541,,,,
Josh Williams,RB,Tampa Bay Buccaneers,,,,,8.9399995803833,0.18000000715255737,2.309999942779541,,,,
Cade Otton,TE,Tampa Bay Buccaneers,,,,,,,,14.989999771118164,1.5700000524520874,0.6899999976158142,2.4000000953674316
Payne Durham,TE,Tampa Bay Buccaneers,,,,,,,,14.989999771118164,1.5700000524520874,0.6899999976158142,2.4000000953674316
Devin Culp,TE,Tampa Bay Buccaneers,,,,,,,,14.989999771118164,1.5700000524520874,0.6899999976158142,2.4000000953674316
Chris Godwin Jr.,WR,Tampa Bay Buccaneers,,,,,,,,15.40999984741211,1.559999942779541,0.6299999952316284,2.3399999141693115
Emeka Egbuka,WR,Tampa Bay Buccaneers,,,,,,,,15.40999984741211,1.559999942779541,0.6299999952316284,2.3399999141693115
Tez Johnson,WR,Tampa Bay Buccaneers,,,,,,,,15.40999984741211,1.559999942779541,0.6299999952316284,2.3399999141693115
Ryan Miller,WR,Tampa Bay Buccaneers,,,,,,,,15.40999984741211,1.559999942779541,0.6299999952316284,2.3399999141693115
Sterling Shepard,WR,Tampa Bay Buccaneers,,,,,,,,15.40999984741211,1.559999942779541,0.6299999952316284,2.3399999141693115
Kameron Johnson,WR,Tampa Bay Buccaneers,,,,,,,,15.40999984741211,1.559999942779541,0.6299999952316284,2.3399999141693115
Cam Ward,QB,Tennessee Titans,96.43000030517578,11.720000267028809,48.83000183105469,0.9900000095367432,,,,,,,
Brandon Allen,QB,Tennessee Titans,96.43000030517578,11.720000267028809,48.83000183105469,0.9900000095367432,,,,,,,
Tony Pollard,RB,Tennessee Titans,,,,,8.9399995803833,0.18000000715255737,2.309999942779541,,,,
Tyjae Spears,RB,Tennessee Titans,,,,,8.9399995803833,0.18000000715255737,2.309999942779541,,,,
Julius Chestnut,RB,Tennessee Titans,,,,,8.9399995803833,0.18000000715255737,2.309999942779541,,,,
Chig Okonkwo,TE,Tennessee Titans,,,,,,,,14.989999771118164,1.5700000524520874,0.6899999976158142,2.4000000953674316
Gunnar Helm,TE,Tennessee Titans,,,,,,,,14.989999771118164,1.5700000524520874,0.6899999976158142,2.4000000953674316
David Martin-Robinson,TE,Tennessee Titans,,,,,,,,14.989999771118164,1.5700000524520874,0.6899999976158142,2.4000000953674316
Calvin Ridley,WR,Tennessee Titans,,,,,,,,15.40999984741211,1.559999942779541,0.6299999952316284,2.3399999141693115
Van Jefferson,WR,Tennessee Titans,,,,,,,,15.40999984741211,1.559999942779541,0.6299999952316284,2.3399999141693115
Elic Ayomanor,WR,Tennessee Titans,,,,,,,,15.40999984741211,1.559999942779541,0.6299999952316284,2.3399999141693115
Chimere Dike,WR,Tennessee Titans,,,,,,,,15.40999984741211,1.559999942779541,0.6299999952316284,2.3399999141693115
Bryce Oliver,WR,Tennessee Titans,,,,,,,,15.40999984741211,1.559999942779541,0.6299999952316284,2.3399999141693115
Mason Kinsey,WR,Tennessee Titans,,,,,,,,15.40999984741211,1.559999942779541,0.6299999952316284,2.3399999141693115
Marcus Mariota,QB,Washington Commanders,96.43000030517578,11.720000267028809,48.83000183105469,0.9900000095367432,,,,,,,
Josh Johnson,QB,Washington Commanders,96.43000030517578,11.720000267028809,48.83000183105469,0.9900000095367432,,,,,,,
Jayden Daniels,QB,Washington Commanders,96.43000030517578,11.720000267028809,48.83000183105469,0.9900000095367432,,,,,,,
Jacory Croskey-Merritt,RB,Washington Commanders,,,,,8.9399995803833,0.18000000715255737,2.309999942779541,,,,
Chris Rodriguez Jr.,RB,Washington Commanders,,,,,8.9399995803833,0.18000000715255737,2.309999942779541,,,,
Jeremy McNichols,RB,Washington Commanders,,,,,8.9399995803833,0.18000000715255737,2.309999942779541,,,,
Zach Ertz,TE,Washington Commanders,,,,,,,,14.989999771118164,1.5700000524520874,0.6899999976158142,2.4000000953674316
John Bates,TE,Washington Commanders,,,,,,,,14.989999771118164,1.5700000524520874,0.6899999976158142,2.4000000953674316
Ben Sinnott,TE,Washington Commanders,,,,,,,,14.989999771118164,1.5700000524520874,0.6899999976158142,2.4000000953674316
Colson Yankoff,TE,Washington Commanders,,,,,,,,14.989999771118164,1.5700000524520874,0.6899999976158142,2.4000000953674316
Terry McLaurin,WR,Washington Commanders,,,,,,,,15.40999984741211,1.559999942779541,0.6299999952316284,2.3399999141693115
Deebo Samuel Sr.,WR,Washington Commanders,,,,,,,,15.40999984741211,1.559999942779541,0.6299999952316284,2.3399999141693115
Luke McCaffrey,WR,Washington Commanders,,,,,,,,15.40999984741211,1.559999942779541,0.6299999952316284,2.3399999141693115
Jaylin Lane,WR,Washington Commanders,,,,,,,,15.40999984741211,1.559999942779541,0.6299999952316284,2.3399999141693115
Chris Moore,WR,Washington Commanders,,,,,,,,15.40999984741211,1.559999942779541,0.6299999952316284,2.3399999141693115
