age,games_played,team_encoded,attempts_per_game,completion_rate,target
27,8,5,37.0,0.6790540540540541,25.125
32,8,20,36.25,0.7034482758620689,25.5
25,8,12,35.625,0.6280701754385964,22.375
30,8,25,35.25,0.6702127659574468,23.625
23,8,24,34.25,0.5766423357664233,19.75
30,8,16,33.625,0.6394052044609665,21.5
26,7,20,37.0,0.5868725868725869,21.714285714285715
25,8,30,32.0,0.6796875,21.75
28,8,13,30.375,0.7119341563786008,21.625
37,7,24,34.57142857142857,0.6611570247933884,22.857142857142858
24,7,19,33.142857142857146,0.6681034482758621,22.142857142857142
27,8,16,28.875,0.6883116883116883,19.875
27,6,27,37.666666666666664,0.6592920353982301,24.833333333333332
23,8,17,28.25,0.7522123893805309,21.25
24,7,0,32.0,0.6160714285714286,19.714285714285715
24,7,21,31.857142857142858,0.6188340807174888,19.714285714285715
27,8,6,26.875,0.7023255813953488,18.875
27,7,25,30.428571428571427,0.7089201877934272,21.571428571428573
42,7,5,29.714285714285715,0.6826923076923077,20.285714285714285
31,7,5,29.0,0.7487684729064039,21.714285714285715
35,7,29,28.857142857142858,0.6584158415841584,19.0
29,7,10,28.142857142857142,0.6802030456852792,19.142857142857142
25,6,27,32.5,0.6102564102564103,19.833333333333332
28,7,1,27.428571428571427,0.6822916666666666,18.714285714285715
33,5,0,33.8,0.650887573964497,22.0
26,7,4,23.857142857142858,0.6407185628742516,15.285714285714286
28,5,26,32.2,0.6832298136645962,22.0
40,7,30,40.857142857142854,0.6083916083916084,24.857142857142858
40,4,22,40.0,0.58125,23.25
40,3,31,42.0,0.6428571428571429,27.0
25,5,1,29.2,0.6095890410958904,17.8
22,7,21,20.285714285714285,0.5985915492957746,12.142857142857142
25,6,22,23.666666666666668,0.5985915492957746,14.166666666666666
29,4,31,31.0,0.6451612903225806,20.0
37,5,21,22.4,0.5892857142857143,13.2
28,4,5,23.75,0.7157894736842105,17.0
32,4,1,22.0,0.6363636363636364,14.0
33,4,26,20.25,0.6419753086419753,13.0
26,2,27,36.5,0.6575342465753424,24.0
36,3,4,23.0,0.6231884057971014,14.333333333333334
32,4,5,13.0,0.6538461538461539,8.5
22,2,0,20.5,0.5853658536585366,12.0
38,4,0,9.25,0.6756756756756757,6.25
27,2,5,18.5,0.7297297297297297,13.5
29,2,31,18.0,0.5833333333333334,10.5
26,2,30,16.0,0.53125,8.5
25,2,20,4.5,0.6666666666666666,3.0
26,2,16,4.5,0.6666666666666666,3.0
24,3,0,2.6666666666666665,0.625,1.6666666666666667
22,1,16,8.0,0.625,5.0
31,2,10,3.0,0.5,1.5
25,1,5,4.0,0.75,3.0
27,1,19,4.0,0.5,2.0
25,1,21,3.0,0.6666666666666666,2.0
29,1,1,3.0,0.6666666666666666,2.0
30,2,17,1.0,0.5,0.5
23,1,13,2.0,0.0,0.0
27,1,29,2.0,1.0,2.0
23,2,13,1.0,0.5,0.5
30,2,5,1.0,1.0,1.0
26,3,0,0.3333333333333333,1.0,0.3333333333333333
24,8,4,0.125,1.0,0.125
31,7,5,0.14285714285714285,0.0,0.0
35,4,30,0.25,1.0,0.25
23,7,24,0.14285714285714285,0.0,0.0
32,7,1,0.14285714285714285,0.0,0.0
28,7,5,0.14285714285714285,1.0,0.14285714285714285
25,8,30,0.125,0.0,0.0
27,8,16,0.125,1.0,0.125
23,8,13,0.125,0.0,0.0
28,17,31,38.35294117647059,0.7055214723926381,27.058823529411764
41,17,4,34.35294117647059,0.6301369863013698,21.647058823529413
29,16,25,36.3125,0.6746987951807228,24.5
34,17,1,34.0,0.7041522491349481,23.941176470588236
29,17,16,33.529411764705884,0.7140350877192982,23.941176470588236
24,17,12,33.35294117647059,0.6631393298059964,22.11764705882353
23,17,21,33.05882352941177,0.6245551601423488,20.647058823529413
27,17,0,32.05882352941177,0.6623853211009174,21.235294117647058
27,17,26,31.823529411764707,0.6876155268022182,21.88235294117647
30,17,5,31.705882352941178,0.7235621521335807,22.941176470588236
23,17,19,31.294117647058822,0.631578947368421,19.764705882352942
36,16,24,32.3125,0.6576402321083172,21.25
26,17,5,29.647058823529413,0.6587301587301587,19.529411764705884
28,17,10,28.41176470588235,0.6356107660455487,18.058823529411764
24,17,1,28.235294117647058,0.6895833333333333,19.470588235294116
27,17,5,27.88235294117647,0.6666666666666666,18.58823529411765
25,15,27,30.333333333333332,0.6593406593406593,20.0
26,15,25,28.333333333333332,0.6305882352941177,17.866666666666667
26,11,16,36.27272727272727,0.7293233082706767,26.454545454545453
23,14,0,27.428571428571427,0.609375,16.714285714285715
26,15,6,24.066666666666666,0.6869806094182825,16.533333333333335
27,10,21,34.1,0.6334310850439883,21.6
22,13,17,26.0,0.665680473372781,17.307692307692307
36,11,5,30.545454545454547,0.6369047619047619,19.454545454545453
31,12,20,25.666666666666668,0.6071428571428571,15.583333333333334
28,10,29,30.6,0.6633986928104575,20.3
25,12,24,25.083333333333332,0.6312292358803987,15.833333333333334
30,12,22,24.666666666666668,0.6114864864864865,15.083333333333334
31,8,20,35.75,0.6468531468531469,23.125
25,10,20,28.4,0.6056338028169014,17.2
33,10,30,27.9,0.6774193548387096,18.9
22,11,13,24.0,0.4772727272727273,11.454545454545455
26,10,20,26.2,0.6526717557251909,17.1
39,8,13,31.0,0.6532258064516129,20.25
26,9,29,27.0,0.6337448559670782,17.11111111111111
24,7,30,32.57142857142857,0.5701754385964912,18.571428571428573
29,8,24,28.5,0.6403508771929824,18.25
29,7,22,30.857142857142858,0.6342592592592593,19.571428571428573
28,8,21,22.625,0.5911602209944752,13.375
32,8,17,20.125,0.5900621118012422,11.875
25,10,5,16.1,0.6583850931677019,10.6
37,6,0,26.666666666666668,0.6625,17.666666666666668
26,5,16,26.6,0.6466165413533834,17.2
25,7,22,16.857142857142858,0.5169491525423728,8.714285714285714
24,5,27,21.0,0.580952380952381,12.2
25,6,29,14.166666666666666,0.611764705882353,8.666666666666666
25,7,25,7.714285714285714,0.7407407407407407,5.714285714285714
29,2,27,23.5,0.6808510638297872,16.0
24,2,6,22.5,0.6666666666666666,15.0
26,3,21,14.666666666666666,0.7045454545454546,10.333333333333334
31,3,1,14.666666666666666,0.7727272727272727,11.333333333333334
26,5,6,8.4,0.5952380952380952,5.0
33,1,24,41.0,0.6585365853658537,27.0
24,4,20,10.25,0.6097560975609756,6.25
25,8,30,4.875,0.46153846153846156,2.25
26,4,19,9.0,0.5555555555555556,5.0
27,3,16,11.0,0.6363636363636364,7.0
25,1,22,31.0,0.5161290322580645,16.0
32,3,27,10.0,0.5666666666666667,5.666666666666667
24,1,17,29.0,0.7586206896551724,22.0
30,3,30,16.666666666666668,0.54,9.0
30,2,16,13.0,0.5769230769230769,7.5
30,1,21,24.0,0.5,12.0
30,9,10,2.888888888888889,0.7307692307692307,2.111111111111111
35,2,4,11.0,0.7727272727272727,8.5
32,3,25,6.333333333333333,0.631578947368421,4.0
24,2,1,7.0,0.35714285714285715,2.5
29,1,10,11.0,0.2727272727272727,3.0
26,3,5,3.0,0.6666666666666666,2.0
31,4,5,1.25,0.6,0.75
34,8,30,0.5,0.5,0.25
38,6,5,0.5,0.6666666666666666,0.3333333333333333
36,17,20,0.11764705882352941,0.5,0.058823529411764705
24,4,21,0.5,1.0,0.5
34,17,0,0.11764705882352941,0.0,0.0
29,4,0,0.5,1.0,0.5
29,17,12,0.11764705882352941,1.0,0.11764705882352941
25,6,26,0.3333333333333333,1.0,0.3333333333333333
32,15,21,0.06666666666666667,0.0,0.0
28,1,5,1.0,1.0,1.0
25,17,24,0.058823529411764705,0.0,0.0
29,12,17,0.08333333333333333,0.0,0.0
30,16,24,0.0625,0.0,0.0
25,16,1,0.0625,0.0,0.0
23,11,0,0.09090909090909091,1.0,0.09090909090909091
29,17,29,0.058823529411764705,1.0,0.058823529411764705
31,8,19,0.125,1.0,0.125
31,17,12,0.058823529411764705,1.0,0.058823529411764705
28,17,5,0.058823529411764705,1.0,0.058823529411764705
25,17,0,0.058823529411764705,1.0,0.058823529411764705
31,17,5,0.058823529411764705,0.0,0.0
29,12,4,0.08333333333333333,0.0,0.0
22,17,13,0.058823529411764705,1.0,0.058823529411764705
28,14,19,0.07142857142857142,0.0,0.0
27,14,5,0.07142857142857142,1.0,0.07142857142857142
27,16,27,0.0625,0.0,0.0
27,17,21,0.058823529411764705,0.0,0.0
21,15,21,0.06666666666666667,0.0,0.0
24,11,27,0.09090909090909091,0.0,0.0
29,17,5,0.058823529411764705,1.0,0.058823529411764705
22,17,1,0.058823529411764705,1.0,0.058823529411764705
25,17,5,0.058823529411764705,1.0,0.058823529411764705
26,4,16,0.25,1.0,0.25
29,15,30,0.06666666666666667,1.0,0.06666666666666667
23,17,1,36.0,0.6339869281045751,22.823529411764707
29,17,5,35.588235294117645,0.6727272727272727,23.941176470588236
28,16,25,37.3125,0.6716917922948074,25.0625
30,17,20,34.705882352941174,0.6949152542372882,24.11764705882353
27,17,10,34.05882352941177,0.6649395509499136,22.647058823529413
25,17,25,34.05882352941177,0.6424870466321243,21.88235294117647
28,17,16,33.294117647058826,0.6431095406360424,21.41176470588235
24,16,20,35.25,0.6560283687943262,23.125
25,17,16,32.94117647058823,0.6928571428571428,22.823529411764707
32,17,30,32.23529411764706,0.6843065693430657,22.058823529411764
25,17,6,31.647058823529413,0.654275092936803,20.705882352941178
22,16,0,32.9375,0.5977229601518027,19.6875
35,15,24,34.733333333333334,0.6257197696737045,21.733333333333334
33,15,1,33.266666666666666,0.6472945891783567,21.533333333333335
22,15,19,33.266666666666666,0.6392785571142284,21.266666666666666
27,17,13,28.823529411764707,0.6224489795918368,17.941176470588236
26,16,5,28.5625,0.6717724288840262,19.1875
25,13,5,35.07692307692308,0.6513157894736842,22.846153846153847
35,15,12,29.8,0.6644295302013423,19.8
24,16,27,27.75,0.6936936936936937,19.25
24,15,27,25.866666666666667,0.6417525773195877,16.6
24,13,21,28.46153846153846,0.6135135135135135,17.46153846153846
24,12,4,30.666666666666668,0.6005434782608695,18.416666666666668
27,10,31,36.5,0.6684931506849315,24.4
25,11,17,31.363636363636363,0.6492753623188405,20.363636363636363
25,11,29,31.181818181818183,0.6209912536443148,19.363636363636363
25,12,5,27.0,0.6203703703703703,16.75
26,8,26,33.5,0.6567164179104478,22.0
28,13,30,32.07692307692308,0.6282973621103117,20.153846153846153
28,8,26,33.25,0.6278195488721805,20.875
28,5,0,30.2,0.6291390728476821,19.0
24,9,24,28.333333333333332,0.5843137254901961,16.555555555555557
27,9,31,27.0,0.7037037037037037,19.0
35,10,24,23.0,0.6478260869565218,14.9
24,10,17,21.2,0.5990566037735849,12.7
38,5,22,40.8,0.6029411764705882,24.6
34,11,21,16.363636363636363,0.6444444444444445,10.545454545454545
25,9,21,19.77777777777778,0.6404494382022472,12.666666666666666
28,5,5,34.8,0.6379310344827587,22.2
28,6,22,28.5,0.6140350877192983,17.5
32,7,29,24.142857142857142,0.650887573964497,15.714285714285714
26,6,21,26.666666666666668,0.675,18.0
32,5,4,30.6,0.5620915032679739,17.2
28,5,0,29.6,0.6756756756756757,20.0
23,5,21,28.6,0.6573426573426573,18.8
30,5,27,27.2,0.5441176470588235,14.8
24,8,22,14.0,0.5357142857142857,7.5
28,6,22,18.5,0.4864864864864865,9.0
29,5,5,21.4,0.6261682242990654,13.4
21,4,13,21.0,0.5952380952380952,12.5
29,3,4,25.666666666666668,0.6233766233766234,16.0
27,4,1,19.0,0.631578947368421,12.0
28,4,5,18.5,0.7432432432432432,13.75
27,3,12,22.0,0.6060606060606061,13.333333333333334
36,3,0,19.333333333333332,0.5862068965517241,11.333333333333334
30,7,20,7.571428571428571,0.7547169811320755,5.714285714285714
35,2,19,26.5,0.6415094339622641,17.0
29,7,30,6.714285714285714,0.5319148936170213,3.5714285714285716
26,10,27,4.6,0.6086956521739131,2.8
38,3,29,14.0,0.5476190476190477,7.666666666666667
25,6,19,6.5,0.46153846153846156,3.0
27,2,24,19.0,0.47368421052631576,9.0
25,5,5,7.4,0.5675675675675675,4.2
34,2,25,17.5,0.5142857142857142,9.0
30,1,22,26.0,0.5,13.0
30,7,20,3.4285714285714284,0.75,2.5714285714285716
31,2,24,12.0,0.7083333333333334,8.5
31,3,1,7.666666666666667,0.782608695652174,6.0
30,3,6,7.666666666666667,0.6521739130434783,5.0
24,7,26,3.0,0.5714285714285714,1.7142857142857142
25,3,0,6.666666666666667,0.65,4.333333333333333
33,16,30,0.6875,0.5454545454545454,0.375
28,6,16,1.0,0.8333333333333334,0.8333333333333334
33,2,31,2.5,0.8,2.0
24,3,24,1.6666666666666667,0.8,1.3333333333333333
28,1,27,4.0,0.75,3.0
29,17,24,0.17647058823529413,0.6666666666666666,0.11764705882352941
27,16,29,0.1875,0.6666666666666666,0.125
31,13,5,0.15384615384615385,0.5,0.07692307692307693
29,17,31,0.058823529411764705,0.0,0.0
24,17,1,0.058823529411764705,1.0,0.058823529411764705
23,16,31,0.0625,1.0,0.0625
25,2,25,0.5,1.0,0.5
28,17,20,0.058823529411764705,1.0,0.058823529411764705
24,16,6,0.0625,1.0,0.0625
27,17,16,0.058823529411764705,0.0,0.0
33,17,0,0.058823529411764705,1.0,0.058823529411764705
24,17,5,0.058823529411764705,0.0,0.0
31,17,24,0.058823529411764705,0.0,0.0
24,10,0,0.1,0.0,0.0
22,16,27,0.0625,1.0,0.0625
26,15,6,0.06666666666666667,1.0,0.06666666666666667
31,12,25,0.08333333333333333,1.0,0.08333333333333333
37,17,4,0.058823529411764705,1.0,0.058823529411764705
28,17,5,0.058823529411764705,1.0,0.058823529411764705
40,1,4,1.0,0.0,0.0
27,15,27,0.06666666666666667,0.0,0.0
26,17,19,0.058823529411764705,1.0,0.058823529411764705
28,17,27,0.058823529411764705,0.0,0.0
24,13,25,0.07692307692307693,0.0,0.0
27,17,25,0.058823529411764705,1.0,0.058823529411764705
25,2,16,0.5,0.0,0.0
22,15,25,0.06666666666666667,1.0,0.06666666666666667
23,17,4,0.058823529411764705,0.0,0.0
45,17,16,43.11764705882353,0.6684856753069577,28.823529411764707
24,17,5,41.11764705882353,0.6824034334763949,28.058823529411764
27,17,25,38.11764705882353,0.6712962962962963,25.58823529411765
26,16,31,37.875,0.6831683168316832,25.875
28,17,5,34.529411764705884,0.6507666098807495,22.470588235294116
23,17,20,34.35294117647059,0.6626712328767124,22.764705882352942
32,17,1,33.64705882352941,0.6975524475524476,23.470588235294116
26,16,10,35.4375,0.6331569664902998,22.4375
39,17,25,31.88235294117647,0.6457564575645757,20.58823529411765
31,15,29,33.46666666666667,0.6075697211155379,20.333333333333332
34,15,12,32.2,0.6045548654244306,19.466666666666665
24,15,19,31.933333333333334,0.6096033402922756,19.466666666666665
25,16,21,29.5,0.6716101694915254,19.8125
37,12,13,38.416666666666664,0.6702819956616052,25.75
24,15,6,30.666666666666668,0.6652173913043479,20.4
24,14,17,31.571428571428573,0.6515837104072398,20.571428571428573
24,13,16,30.76923076923077,0.6475,19.923076923076923
29,12,20,32.833333333333336,0.6624365482233503,21.75
25,11,26,35.45454545454545,0.6641025641025641,23.545454545454547
24,13,5,29.923076923076923,0.6298200514138818,18.846153846153847
35,14,30,27.0,0.6666666666666666,18.0
30,16,22,23.0625,0.6395663956639567,14.75
25,12,5,27.166666666666668,0.6226993865030674,16.916666666666668
34,12,24,27.083333333333332,0.6523076923076923,17.666666666666668
23,15,21,21.2,0.6037735849056604,12.8
31,11,27,28.0,0.672077922077922,18.818181818181817
34,9,24,33.666666666666664,0.6798679867986799,22.88888888888889
29,13,27,23.076923076923077,0.6133333333333333,14.153846153846153
30,8,1,34.5,0.6231884057971014,21.5
29,9,1,28.77777777777778,0.6216216216216216,17.88888888888889
23,9,4,26.88888888888889,0.5454545454545454,14.666666666666666
27,12,30,27.916666666666668,0.6,16.75
27,7,0,29.428571428571427,0.5776699029126213,17.0
27,5,24,25.8,0.6356589147286822,16.4
37,5,4,38.2,0.5759162303664922,22.0
28,7,5,25.714285714285715,0.65,16.714285714285715
27,4,4,43.75,0.5885714285714285,25.75
23,9,27,18.88888888888889,0.6705882352941176,12.666666666666666
27,6,22,28.333333333333332,0.5823529411764706,16.5
29,9,20,18.0,0.5802469135802469,10.444444444444445
25,6,0,23.333333333333332,0.5857142857142857,13.666666666666666
36,4,26,33.0,0.6818181818181818,22.5
23,4,27,28.75,0.6347826086956522,18.25
28,3,30,38.333333333333336,0.6347826086956522,24.333333333333332
24,6,5,18.666666666666668,0.6696428571428571,12.5
27,6,0,17.666666666666668,0.5943396226415094,10.5
25,7,16,15.0,0.5714285714285714,8.571428571428571
24,4,13,25.25,0.6336633663366337,16.0
23,4,17,23.0,0.7065217391304348,16.25
26,4,12,22.0,0.6022727272727273,13.25
27,6,26,13.833333333333334,0.5421686746987951,7.5
26,5,29,16.6,0.6385542168674698,10.6
30,5,16,15.8,0.620253164556962,9.8
26,2,19,39.0,0.5897435897435898,23.0
26,5,6,15.2,0.5789473684210527,8.8
27,2,24,34.0,0.5882352941176471,20.0
27,3,24,20.666666666666668,0.6129032258064516,12.666666666666666
23,8,24,7.625,0.5081967213114754,3.875
27,2,26,29.0,0.6551724137931034,19.0
24,2,5,24.5,0.4489795918367347,11.0
33,3,13,14.0,0.5952380952380952,8.333333333333334
27,1,21,40.0,0.575,23.0
22,2,27,15.5,0.4838709677419355,7.5
31,2,21,13.0,0.5769230769230769,7.5
27,4,0,6.25,0.84,5.25
28,3,21,8.333333333333334,0.56,4.666666666666667
24,4,25,5.25,0.6666666666666666,3.5
29,7,19,2.857142857142857,0.7,2.0
32,16,30,1.1875,0.6842105263157895,0.8125
22,1,1,19.0,0.5789473684210527,11.0
27,2,4,7.5,0.6666666666666666,5.0
36,4,5,3.0,0.6666666666666666,2.0
29,4,20,2.75,0.6363636363636364,1.75
24,1,16,9.0,0.3333333333333333,3.0
28,1,21,8.0,0.25,2.0
33,1,16,8.0,0.75,6.0
33,3,21,2.6666666666666665,0.75,2.0
34,2,10,3.5,0.2857142857142857,1.0
37,1,17,6.0,0.8333333333333334,5.0
25,1,0,5.0,0.6,3.0
30,1,31,3.0,1.0,3.0
29,17,24,0.11764705882352941,1.0,0.11764705882352941
37,3,25,0.6666666666666666,0.0,0.0
28,16,24,0.125,1.0,0.125
23,17,0,0.11764705882352941,1.0,0.11764705882352941
36,2,27,1.0,0.5,0.5
25,17,4,0.11764705882352941,0.5,0.058823529411764705
22,17,0,0.11764705882352941,0.5,0.058823529411764705
27,17,4,0.058823529411764705,1.0,0.058823529411764705
28,16,31,0.0625,1.0,0.0625
24,8,5,0.125,1.0,0.125
28,17,22,0.058823529411764705,0.0,0.0
24,15,1,0.06666666666666667,0.0,0.0
29,15,19,0.06666666666666667,0.0,0.0
27,16,16,0.0625,0.0,0.0
26,17,5,0.058823529411764705,1.0,0.058823529411764705
24,17,5,0.058823529411764705,1.0,0.058823529411764705
29,17,29,0.058823529411764705,1.0,0.058823529411764705
29,9,24,0.1111111111111111,0.0,0.0
40,17,26,0.058823529411764705,1.0,0.058823529411764705
26,11,27,0.09090909090909091,1.0,0.09090909090909091
26,15,5,0.06666666666666667,0.0,0.0
26,17,25,0.058823529411764705,0.0,0.0
22,17,4,0.058823529411764705,0.0,0.0
44,17,16,42.294117647058826,0.674547983310153,28.529411764705884
23,17,5,39.529411764705884,0.6592261904761905,26.058823529411764
26,17,25,38.705882352941174,0.662613981762918,25.647058823529413
25,17,10,38.0,0.6331269349845201,24.058823529411764
30,17,29,36.8235294117647,0.6837060702875399,25.176470588235293
39,16,5,37.8125,0.6446280991735537,24.375
22,17,20,35.411764705882355,0.5963455149501661,21.11764705882353
33,17,24,35.35294117647059,0.6722129783693843,23.764705882352942
28,16,20,37.25,0.6879194630872483,25.625
36,17,27,32.94117647058823,0.6696428571428571,22.058823529411764
38,16,25,33.1875,0.6892655367231638,22.875
33,17,24,31.235294117647058,0.672316384180791,21.0
23,17,17,30.647058823529413,0.6756238003838771,20.705882352941178
25,16,31,32.5,0.7038461538461539,22.875
29,17,13,30.352941176470587,0.624031007751938,18.941176470588236
27,14,5,35.285714285714285,0.6720647773279352,23.714285714285715
28,16,1,30.875,0.6497975708502024,20.0625
24,14,26,34.357142857142854,0.6923076923076923,23.785714285714285
30,15,27,29.4,0.6825396825396826,20.066666666666666
23,15,6,28.8,0.6134259259259259,17.666666666666668
29,14,12,30.428571428571427,0.6690140845070423,20.357142857142858
26,14,22,29.857142857142858,0.6052631578947368,18.071428571428573
24,12,0,33.833333333333336,0.5985221674876847,20.25
33,14,1,28.571428571428573,0.6475,18.5
23,13,19,30.307692307692307,0.6675126903553299,20.23076923076923
23,13,16,29.846153846153847,0.6778350515463918,20.23076923076923
22,13,4,29.46153846153846,0.556135770234987,16.384615384615383
24,12,5,31.833333333333332,0.643979057591623,20.5
24,11,21,32.81818181818182,0.6426592797783933,21.09090909090909
22,12,21,22.5,0.5888888888888889,13.25
34,8,21,29.5,0.6313559322033898,18.625
29,11,16,20.454545454545453,0.6266666666666667,12.818181818181818
23,7,5,26.857142857142858,0.648936170212766,17.428571428571427
30,6,30,31.333333333333332,0.574468085106383,18.0
32,6,21,27.833333333333332,0.5389221556886228,15.0
27,7,30,23.0,0.5900621118012422,13.571428571428571
32,6,19,25.0,0.6066666666666667,15.166666666666666
31,12,30,11.166666666666666,0.582089552238806,6.5
26,4,4,33.0,0.6666666666666666,22.0
32,8,0,15.75,0.5476190476190477,8.625
25,6,12,18.5,0.6036036036036037,11.166666666666666
35,8,26,12.375,0.7474747474747475,9.25
31,4,1,23.75,0.6842105263157895,16.25
27,5,5,18.8,0.648936170212766,12.2
33,7,22,10.285714285714286,0.6527777777777778,6.714285714285714
21,6,27,11.833333333333334,0.5774647887323944,6.833333333333333
26,5,0,13.2,0.5454545454545454,7.2
23,6,25,10.333333333333334,0.5806451612903226,6.0
23,3,21,20.0,0.45,9.0
25,4,6,15.0,0.6833333333333333,10.25
26,2,5,29.0,0.603448275862069,17.5
28,5,20,9.4,0.6382978723404256,6.0
35,4,30,21.25,0.6705882352941176,14.25
35,3,4,15.0,0.6444444444444445,9.666666666666666
35,1,5,40.0,0.7,28.0
36,2,4,21.0,0.6428571428571429,13.5
29,1,0,36.0,0.6111111111111112,22.0
32,1,21,35.0,0.6857142857142857,24.0
29,6,31,5.666666666666667,0.5,2.8333333333333335
30,1,1,31.0,0.6451612903225806,20.0
26,1,22,30.0,0.6666666666666666,20.0
23,1,30,20.0,0.6,12.0
25,2,1,9.5,0.631578947368421,6.0
36,4,25,4.0,0.6875,2.75
32,6,16,1.8333333333333333,0.6363636363636364,1.1666666666666667
36,5,17,2.2,0.8181818181818182,1.8
24,4,27,2.75,0.18181818181818182,0.5
26,2,26,4.5,0.6666666666666666,3.0
27,6,10,1.3333333333333333,0.75,1.0
39,1,1,6.0,0.5,3.0
24,1,13,5.0,0.4,2.0
22,17,0,0.23529411764705882,0.5,0.11764705882352941
26,3,24,1.3333333333333333,0.25,0.3333333333333333
25,17,5,0.17647058823529413,0.6666666666666666,0.11764705882352941
22,1,0,3.0,0.6666666666666666,2.0
22,10,21,0.3,0.3333333333333333,0.1
26,16,20,0.1875,1.0,0.1875
28,2,20,1.0,1.0,1.0
24,13,24,0.15384615384615385,0.0,0.0
28,10,29,0.2,0.5,0.1
25,17,17,0.11764705882352941,1.0,0.11764705882352941
25,1,12,2.0,0.0,0.0
25,16,27,0.125,0.5,0.0625
26,17,6,0.11764705882352941,0.5,0.058823529411764705
29,16,5,0.0625,0.0,0.0
36,8,19,0.125,0.0,0.0
31,16,26,0.0625,1.0,0.0625
32,16,10,0.0625,0.0,0.0
30,17,5,0.058823529411764705,0.0,0.0
26,17,17,0.058823529411764705,1.0,0.058823529411764705
27,16,31,0.0625,1.0,0.0625
28,15,4,0.06666666666666667,0.0,0.0
28,17,21,0.058823529411764705,0.0,0.0
26,17,20,0.058823529411764705,1.0,0.058823529411764705
29,17,24,0.058823529411764705,1.0,0.058823529411764705
26,14,16,0.07142857142857142,0.0,0.0
24,9,27,0.1111111111111111,0.0,0.0
26,17,16,0.058823529411764705,0.0,0.0
23,17,30,0.058823529411764705,0.0,0.0
31,17,24,0.058823529411764705,1.0,0.058823529411764705
27,8,24,0.125,1.0,0.125
24,16,12,0.0625,1.0,0.0625
25,12,5,0.08333333333333333,1.0,0.08333333333333333
39,17,5,0.058823529411764705,0.0,0.0
28,17,24,0.058823529411764705,0.0,0.0
28,17,5,0.058823529411764705,0.0,0.0
24,13,21,0.07692307692307693,0.0,0.0
30,16,27,0.0625,0.0,0.0
26,3,21,0.3333333333333333,1.0,0.3333333333333333
26,17,12,0.058823529411764705,1.0,0.058823529411764705
22,13,5,0.07692307692307693,0.0,0.0
25,16,25,0.0625,1.0,0.0625
29,14,16,0.07142857142857142,0.0,0.0
28,13,0,0.07692307692307693,0.0,0.0
35,16,27,39.125,0.6501597444089456,25.4375
43,16,16,38.125,0.6573770491803279,25.0625
38,15,5,40.53333333333333,0.65625,26.6
22,15,5,39.666666666666664,0.6655462184873949,26.4
25,15,25,39.2,0.6632653061224489,26.0
24,16,10,35.75,0.6923076923076923,24.75
23,16,26,34.875,0.6720430107526881,23.4375
32,16,1,34.875,0.6881720430107527,24.0
26,15,24,36.8,0.6702898550724637,24.666666666666668
25,16,19,34.0,0.7022058823529411,23.875
39,16,13,33.9375,0.6795580110497238,23.0625
32,16,5,33.0,0.6420454545454546,21.1875
37,16,25,32.875,0.7072243346007605,23.25
29,16,29,32.3125,0.6731141199226306,21.75
28,15,0,32.8,0.6910569105691057,22.666666666666668
25,16,22,30.375,0.6275720164609053,19.0625
32,16,24,30.0625,0.6548856548856549,19.6875
23,14,21,32.0,0.625,20.0
24,13,12,34.07692307692308,0.5733634311512416,19.53846153846154
28,12,6,36.416666666666664,0.5743707093821511,20.916666666666668
24,10,31,40.4,0.6534653465346535,26.4
41,12,30,32.5,0.7051282051282052,22.916666666666668
23,15,5,25.066666666666666,0.6436170212765957,16.133333333333333
31,15,17,24.533333333333335,0.657608695652174,16.133333333333333
23,12,4,30.333333333333332,0.5961538461538461,18.083333333333332
33,11,20,30.272727272727273,0.6486486486486487,19.636363636363637
24,9,20,36.333333333333336,0.6605504587155964,24.0
25,10,27,32.6,0.647239263803681,21.1
31,9,21,34.666666666666664,0.6474358974358975,22.444444444444443
26,10,21,29.7,0.67003367003367,19.9
22,10,16,29.0,0.6413793103448275,18.6
38,9,16,29.666666666666668,0.6853932584269663,20.333333333333332
36,8,1,31.5,0.6666666666666666,21.0
23,7,1,34.42857142857143,0.6141078838174274,21.142857142857142
27,5,20,44.4,0.6801801801801802,30.2
31,5,20,35.8,0.6201117318435754,22.2
22,15,6,9.866666666666667,0.5202702702702703,5.133333333333334
28,5,31,28.4,0.6338028169014085,18.0
29,6,27,23.333333333333332,0.6714285714285714,15.666666666666666
35,5,4,26.8,0.5522388059701493,14.8
30,16,30,7.5625,0.7272727272727273,5.5
24,3,20,36.666666666666664,0.5454545454545454,20.0
27,6,27,17.333333333333332,0.6346153846153846,11.0
24,4,1,21.75,0.6896551724137931,15.0
34,4,21,16.5,0.6060606060606061,10.0
27,3,12,21.333333333333332,0.546875,11.666666666666666
25,4,0,14.0,0.5714285714285714,8.0
24,5,17,8.8,0.5,4.4
34,4,5,10.75,0.6744186046511628,7.25
24,3,20,14.333333333333334,0.5348837209302325,7.666666666666667
25,5,5,8.6,0.5813953488372093,5.0
24,3,12,13.333333333333334,0.675,9.0
29,1,20,38.0,0.5526315789473685,21.0
35,3,25,12.666666666666666,0.7368421052631579,9.333333333333334
25,1,24,38.0,0.5789473684210527,22.0
26,5,31,6.4,0.53125,3.4
31,2,5,15.0,0.5333333333333333,8.0
27,1,29,28.0,0.6071428571428571,17.0
35,1,17,24.0,0.625,15.0
27,1,1,19.0,0.631578947368421,12.0
31,4,16,4.0,0.5625,2.25
25,5,26,3.2,0.6875,2.2
30,4,5,3.5,0.5714285714285714,2.0
27,1,6,12.0,0.4166666666666667,5.0
26,4,30,2.75,0.6363636363636364,1.75
25,1,5,10.0,0.6,6.0
32,2,22,5.0,0.5,2.5
25,2,5,5.0,0.3,1.5
23,1,12,9.0,0.1111111111111111,1.0
28,11,13,0.7272727272727273,0.25,0.18181818181818182
29,1,21,5.0,0.2,1.0
25,1,5,5.0,0.8,4.0
22,2,5,2.5,0.6,1.5
26,1,29,5.0,0.6,3.0
30,1,1,5.0,0.8,4.0
28,15,22,0.26666666666666666,1.0,0.26666666666666666
25,6,24,0.5,0.3333333333333333,0.16666666666666666
23,10,16,0.2,0.5,0.1
26,15,31,0.13333333333333333,0.5,0.06666666666666667
34,6,17,0.3333333333333333,1.0,0.3333333333333333
24,16,27,0.125,0.5,0.0625
31,15,25,0.13333333333333333,0.5,0.06666666666666667
24,14,17,0.14285714285714285,1.0,0.14285714285714285
32,12,21,0.16666666666666666,0.5,0.08333333333333333
25,16,20,0.125,1.0,0.125
25,14,5,0.07142857142857142,0.0,0.0
28,14,5,0.07142857142857142,0.0,0.0
31,15,10,0.06666666666666667,1.0,0.06666666666666667
28,7,22,0.14285714285714285,1.0,0.14285714285714285
23,16,0,0.0625,1.0,0.0625
30,10,19,0.1,0.0,0.0
27,12,4,0.08333333333333333,1.0,0.08333333333333333
27,16,21,0.0625,0.0,0.0
28,16,31,0.0625,0.0,0.0
25,14,10,0.07142857142857142,1.0,0.07142857142857142
31,8,20,0.125,0.0,0.0
25,16,29,0.0625,1.0,0.0625
34,13,24,0.07692307692307693,0.0,0.0
38,15,5,0.06666666666666667,1.0,0.06666666666666667
38,16,26,0.0625,1.0,0.0625
30,2,19,0.5,1.0,0.5
25,16,10,0.0625,1.0,0.0625
23,15,0,0.06666666666666667,0.0,0.0
26,16,13,0.0625,0.0,0.0
25,1,5,1.0,1.0,1.0
29,16,1,0.0625,1.0,0.0625
24,16,25,0.0625,1.0,0.0625
25,16,6,0.0625,1.0,0.0625
27,10,25,0.1,0.0,0.0
23,14,1,0.07142857142857142,0.0,0.0
25,16,24,39.125,0.6293929712460063,24.625
25,16,16,39.125,0.6070287539936102,23.75
34,15,27,41.06666666666667,0.6623376623376623,27.2
42,16,17,38.3125,0.6084828711256117,23.3125
27,16,6,37.9375,0.6392092257001647,24.25
26,16,20,37.25,0.6510067114093959,24.25
38,16,5,36.9375,0.6598984771573604,24.375
36,16,25,35.5625,0.6203866432337434,22.0625
22,16,26,33.875,0.6439114391143912,21.8125
24,16,22,33.375,0.5936329588014981,19.8125
32,13,31,40.61538461538461,0.5946969696969697,24.153846153846153
25,15,21,34.4,0.6317829457364341,21.733333333333334
31,16,1,32.25,0.6608527131782945,21.3125
28,16,22,32.0625,0.7037037037037037,22.5625
37,15,16,33.46666666666667,0.6195219123505976,20.733333333333334
24,15,19,33.0,0.6727272727272727,22.2
23,13,0,37.61538461538461,0.6196319018404908,23.307692307692307
24,14,25,34.57142857142857,0.6590909090909091,22.785714285714285
28,16,27,29.75,0.6911764705882353,20.5625
23,14,20,33.57142857142857,0.6063829787234043,20.357142857142858
23,16,10,28.8125,0.5878524945770065,16.9375
22,13,21,35.30769230769231,0.6187363834422658,21.846153846153847
27,15,13,29.8,0.6085011185682326,18.133333333333333
22,13,4,33.92307692307692,0.6190476190476191,21.0
22,15,5,26.733333333333334,0.6608478802992519,17.666666666666668
40,11,30,34.36363636363637,0.7433862433862434,25.545454545454547
31,8,5,36.375,0.6426116838487973,23.375
31,12,24,23.833333333333332,0.7027972027972028,16.75
24,10,5,28.3,0.6219081272084805,17.6
34,8,12,32.75,0.6526717557251909,21.375
31,10,1,24.7,0.6477732793522267,16.0
22,9,1,22.555555555555557,0.5862068965517241,13.222222222222221
27,9,30,21.77777777777778,0.6785714285714286,14.777777777777779
24,5,5,34.8,0.5402298850574713,18.8
23,8,5,20.0,0.625,12.5
26,7,24,22.857142857142858,0.59375,13.571428571428571
23,5,12,31.2,0.6410256410256411,20.0
38,4,21,36.75,0.6190476190476191,22.75
30,4,20,29.25,0.6581196581196581,19.25
22,6,16,18.166666666666668,0.5321100917431193,9.666666666666666
26,3,5,35.0,0.5904761904761905,20.666666666666668
35,6,25,15.166666666666666,0.6483516483516484,9.833333333333334
30,2,0,44.5,0.5617977528089888,25.0
25,3,31,29.0,0.47126436781609193,13.666666666666666
27,3,12,28.0,0.4642857142857143,13.0
25,3,4,24.333333333333332,0.6438356164383562,15.666666666666666
38,6,27,11.166666666666666,0.746268656716418,8.333333333333334
34,4,13,16.25,0.5384615384615384,8.75
33,3,21,21.333333333333332,0.703125,15.0
37,2,5,31.0,0.5645161290322581,17.5
24,2,0,26.0,0.5384615384615384,14.0
29,7,5,5.428571428571429,0.6052631578947368,3.2857142857142856
29,2,19,18.5,0.5675675675675675,10.5
33,1,1,27.0,0.6666666666666666,18.0
27,3,0,7.0,0.5714285714285714,4.0
26,3,26,3.6666666666666665,0.45454545454545453,1.6666666666666667
30,2,22,5.0,0.6,3.0
29,16,30,0.375,0.5,0.1875
28,1,4,6.0,0.5,3.0
30,8,5,0.75,0.6666666666666666,0.5
40,3,6,1.6666666666666667,0.6,1.0
23,14,5,0.35714285714285715,0.8,0.2857142857142857
25,3,25,1.3333333333333333,0.75,1.0
30,2,16,2.0,0.5,1.0
23,3,17,1.3333333333333333,0.5,0.6666666666666666
28,5,22,0.6,0.0,0.0
29,16,24,0.1875,0.6666666666666666,0.125
27,16,22,0.125,0.5,0.0625
27,3,24,0.6666666666666666,0.5,0.3333333333333333
24,16,20,0.125,1.0,0.125
33,16,17,0.125,1.0,0.125
25,16,16,0.125,0.5,0.0625
27,15,19,0.13333333333333333,0.5,0.06666666666666667
33,16,24,0.125,0.5,0.0625
23,16,0,0.125,0.0,0.0
27,13,16,0.15384615384615385,0.5,0.07692307692307693
34,15,5,0.06666666666666667,1.0,0.06666666666666667
30,14,27,0.07142857142857142,1.0,0.07142857142857142
23,16,12,0.0625,1.0,0.0625
29,15,10,0.06666666666666667,1.0,0.06666666666666667
29,15,20,0.06666666666666667,0.0,0.0
37,16,25,0.0625,0.0,0.0
26,15,0,0.06666666666666667,0.0,0.0
24,16,6,0.0625,0.0,0.0
27,16,31,0.0625,1.0,0.0625
28,5,1,0.2,0.0,0.0
23,16,1,0.0625,1.0,0.0625
24,14,30,0.07142857142857142,1.0,0.07142857142857142
37,16,5,0.0625,1.0,0.0625
26,16,24,0.0625,0.0,0.0
37,15,26,0.06666666666666667,1.0,0.06666666666666667
27,16,0,0.0625,1.0,0.0625
25,16,13,0.0625,0.0,0.0
24,11,27,0.09090909090909091,1.0,0.09090909090909091
31,13,4,0.07692307692307693,0.0,0.0
32,10,27,0.1,1.0,0.1
22,16,1,0.0625,0.0,0.0
24,16,12,0.0625,1.0,0.0625
32,1,21,1.0,1.0,1.0
27,15,17,0.06666666666666667,1.0,0.06666666666666667
36,16,5,42.1875,0.6696296296296296,28.25
29,16,13,39.9375,0.672926447574335,26.875
33,16,27,38.0,0.694078947368421,26.375
35,16,25,37.3125,0.6231155778894473,23.25
30,16,12,36.625,0.6228668941979523,22.8125
23,16,25,36.25,0.6603448275862069,23.9375
37,16,21,36.0,0.6597222222222222,23.75
41,16,17,35.625,0.6578947368421053,23.4375
24,16,24,35.0625,0.6488413547237076,22.75
30,16,5,34.6875,0.6612612612612613,22.9375
27,16,22,34.5625,0.6889692585895117,23.8125
25,16,20,32.875,0.6768060836501901,22.25
37,16,5,31.75,0.6830708661417323,21.6875
23,16,19,31.5625,0.6831683168316832,21.5625
39,15,30,32.6,0.7443762781186094,24.266666666666666
23,14,22,34.714285714285715,0.6378600823045267,22.142857142857142
29,14,0,33.642857142857146,0.6794055201698513,22.857142857142858
24,14,21,31.0,0.6658986175115207,20.642857142857142
30,16,1,26.6875,0.6557377049180327,17.5
21,13,4,31.846153846153847,0.5772946859903382,18.384615384615383
26,13,20,31.0,0.6029776674937966,18.692307692307693
26,11,6,36.45454545454545,0.6957605985037406,25.363636363636363
21,14,26,28.071428571428573,0.5521628498727735,15.5
33,9,5,42.111111111111114,0.6121372031662269,25.77777777777778
24,11,16,34.36363636363637,0.6455026455026455,22.181818181818183
31,11,31,33.18181818181818,0.6191780821917808,20.545454545454547
25,14,24,23.642857142857142,0.6888217522658611,16.285714285714285
34,10,1,32.8,0.625,20.5
22,12,10,26.666666666666668,0.528125,14.083333333333334
23,8,27,34.25,0.6423357664233577,22.0
30,11,16,24.90909090909091,0.6423357664233577,16.0
36,8,16,30.75,0.6666666666666666,20.5
29,5,6,39.0,0.7230769230769231,28.2
28,7,16,25.428571428571427,0.6348314606741573,16.142857142857142
25,9,31,19.555555555555557,0.5965909090909091,11.666666666666666
21,16,5,10.625,0.5823529411764706,6.1875
25,6,27,28.166666666666668,0.6035502958579881,17.0
25,5,20,26.2,0.648854961832061,17.0
39,4,4,27.5,0.5454545454545454,15.0
29,8,24,12.625,0.6039603960396039,7.625
32,4,1,22.75,0.5714285714285714,13.0
27,3,27,29.666666666666668,0.5955056179775281,17.666666666666668
29,4,22,21.25,0.49411764705882355,10.5
24,4,10,20.25,0.5432098765432098,11.0
31,3,26,26.666666666666668,0.625,16.666666666666668
32,5,21,15.2,0.6973684210526315,10.6
35,2,10,35.0,0.6,21.0
25,6,0,9.5,0.6140350877192983,5.833333333333333
32,3,1,18.0,0.6296296296296297,11.333333333333334
22,3,25,14.0,0.47619047619047616,6.666666666666667
22,2,0,15.5,0.6451612903225806,10.0
26,5,30,4.6,0.6086956521739131,2.8
29,2,26,10.5,0.7142857142857143,7.5
36,2,5,8.5,0.4117647058823529,3.5
23,5,5,2.4,0.5,1.2
28,16,30,0.4375,0.42857142857142855,0.1875
37,3,27,2.3333333333333335,0.7142857142857143,1.6666666666666667
28,3,5,2.0,0.3333333333333333,0.6666666666666666
23,2,21,2.5,0.0,0.0
26,4,13,1.0,0.5,0.5
28,16,24,0.25,0.5,0.125
28,5,5,0.8,0.25,0.2
27,1,0,3.0,0.6666666666666666,2.0
33,1,25,3.0,0.6666666666666666,2.0
24,16,24,0.1875,0.6666666666666666,0.125
26,3,24,1.0,0.6666666666666666,0.6666666666666666
28,2,22,1.5,0.3333333333333333,0.5
26,12,21,0.16666666666666666,1.0,0.16666666666666666
32,12,17,0.16666666666666666,1.0,0.16666666666666666
33,5,17,0.4,0.5,0.2
26,16,22,0.125,0.5,0.0625
29,16,27,0.125,0.5,0.0625
25,2,6,1.0,0.5,0.5
25,16,6,0.0625,1.0,0.0625
33,15,16,0.06666666666666667,1.0,0.06666666666666667
30,16,16,0.0625,0.0,0.0
29,16,20,0.0625,0.0,0.0
22,8,10,0.125,0.0,0.0
27,15,5,0.06666666666666667,1.0,0.06666666666666667
24,14,31,0.07142857142857142,0.0,0.0
30,15,5,0.06666666666666667,0.0,0.0
25,16,24,0.0625,1.0,0.0625
23,16,21,0.0625,1.0,0.0625
23,16,20,0.0625,1.0,0.0625
25,16,13,0.0625,0.0,0.0
27,4,5,0.25,0.0,0.0
35,16,26,0.0625,1.0,0.0625
23,11,22,0.09090909090909091,0.0,0.0
26,16,19,0.0625,0.0,0.0
26,16,24,0.0625,1.0,0.0625
23,16,10,0.0625,0.0,0.0
36,16,5,0.0625,1.0,0.0625
22,16,0,0.0625,1.0,0.0625
24,15,21,0.06666666666666667,1.0,0.06666666666666667
34,16,5,0.0625,1.0,0.0625
31,12,12,0.08333333333333333,1.0,0.08333333333333333
23,16,25,0.0625,0.0,0.0
26,15,16,0.06666666666666667,1.0,0.06666666666666667
27,12,10,0.08333333333333333,1.0,0.08333333333333333
23,12,12,0.08333333333333333,1.0,0.08333333333333333
28,16,1,0.0625,1.0,0.0625
25,16,20,0.0625,0.0,0.0
26,7,16,0.14285714285714285,1.0,0.14285714285714285
40,16,17,24.0625,0.0,0.0
36,16,5,22.5,0.0,0.0
29,16,5,23.1875,0.0,0.0
38,16,30,24.125,0.0,0.0
35,15,5,24.0,0.0,0.0
32,16,27,21.375,0.0,0.0
33,15,25,22.733333333333334,0.0,0.0
29,16,1,21.1875,0.0,0.0
23,15,24,19.733333333333334,0.0,0.0
25,16,20,19.6875,0.0,0.0
29,15,0,21.666666666666668,0.0,0.0
23,13,16,21.692307692307693,0.0,0.0
26,15,22,21.533333333333335,0.0,0.0
36,15,21,23.466666666666665,0.0,0.0
24,16,20,19.25,0.0,0.0
30,16,31,18.5625,0.0,0.0
28,16,0,18.1875,0.0,0.0
25,13,6,20.384615384615383,0.0,0.0
24,15,24,18.733333333333334,0.0,0.0
32,16,5,22.0,0.0,0.0
25,16,13,17.25,0.0,0.0
38,13,4,20.53846153846154,0.0,0.0
21,15,22,17.0,0.0,0.0
28,15,10,17.533333333333335,0.0,0.0
34,14,16,19.0,0.0,0.0
26,11,12,18.727272727272727,0.0,0.0
23,12,21,16.333333333333332,0.0,0.0
38,7,26,23.428571428571427,0.0,0.0
24,11,25,17.454545454545453,0.0,0.0
22,7,19,18.0,0.0,0.0
34,7,25,22.0,0.0,0.0
26,6,27,20.0,0.0,0.0
24,7,27,17.571428571428573,0.0,0.0
27,8,19,15.625,0.0,0.0
32,11,30,11.181818181818182,0.0,0.0
32,6,27,19.833333333333332,0.0,0.0
32,5,17,0.8,0.0,0.0
35,6,16,16.0,0.0,0.0
27,6,12,16.0,0.0,0.0
28,5,26,19.0,0.0,0.0
33,5,26,15.8,0.0,0.0
33,4,16,19.5,0.0,0.0
28,4,21,23.25,0.0,0.0
26,4,4,13.75,0.0,0.0
28,7,6,8.142857142857142,0.0,0.0
30,4,19,11.75,0.0,0.0
25,4,22,11.5,0.0,0.0
30,2,0,16.0,0.0,0.0
23,2,12,15.0,0.0,0.0
22,1,25,22.0,0.0,0.0
27,2,16,14.5,0.0,0.0
27,2,22,12.0,0.0,0.0
23,4,10,6.0,0.0,0.0
28,3,5,7.666666666666667,0.0,0.0
27,2,21,10.5,0.0,0.0
25,5,24,4.4,0.0,0.0
35,2,24,12.5,0.0,0.0
24,1,6,19.0,0.0,0.0
30,1,13,9.0,0.0,0.0
24,3,22,3.6666666666666665,0.0,0.0
27,3,31,2.3333333333333335,0.0,0.0
29,2,5,4.5,0.0,0.0
28,15,27,0.06666666666666667,0.0,0.0
27,16,5,0.0625,0.0,0.0
35,16,5,0.125,0.0,0.0
26,16,21,0.0625,0.0,0.0
34,8,5,0.75,0.0,0.0
31,16,10,0.125,0.0,0.0
27,16,24,0.125,0.0,0.0
25,16,4,0.0625,0.0,0.0
28,16,20,0.0625,0.0,0.0
24,3,5,1.0,0.0,0.0
22,16,21,0.0625,0.0,0.0
34,16,26,0.0625,0.0,0.0
34,3,0,0.6666666666666666,0.0,0.0
24,1,25,5.0,0.0,0.0
27,15,25,0.06666666666666667,0.0,0.0
24,1,19,1.0,0.0,0.0
24,2,20,0.5,0.0,0.0
36,16,1,0.0625,0.0,0.0
37,16,30,29.4375,0.0,0.0
31,16,27,23.3125,0.0,0.0
33,16,25,25.0625,0.0,0.0
35,16,18,21.8125,0.0,0.0
28,16,5,24.25,0.0,0.0
31,16,5,27.25,0.0,0.0
27,15,13,23.066666666666666,0.0,0.0
37,15,26,24.266666666666666,0.0,0.0
28,16,1,22.0625,0.0,0.0
29,16,31,22.75,0.0,0.0
22,16,16,21.5625,0.0,0.0
35,16,21,23.5625,0.0,0.0
25,15,22,23.8,0.0,0.0
24,16,20,23.0,0.0,0.0
29,15,0,26.333333333333332,0.0,0.0
34,14,5,23.428571428571427,0.0,0.0
24,16,6,23.6875,0.0,0.0
23,16,20,19.4375,0.0,0.0
39,12,17,24.25,0.0,0.0
27,15,0,18.0,0.0,0.0
32,15,25,21.866666666666667,0.0,0.0
23,15,24,18.4,0.0,0.0
25,14,12,20.642857142857142,0.0,0.0
27,15,10,17.933333333333334,0.0,0.0
28,13,16,20.076923076923077,0.0,0.0
26,15,19,20.066666666666666,0.0,0.0
34,14,4,16.285714285714285,0.0,0.0
29,12,27,16.333333333333332,0.0,0.0
28,10,24,19.6,0.0,0.0
31,6,21,22.333333333333332,0.0,0.0
23,9,22,14.222222222222221,0.0,0.0
37,5,22,18.0,0.0,0.0
22,7,24,16.0,0.0,0.0
33,5,21,16.2,0.0,0.0
27,6,27,15.166666666666666,0.0,0.0
26,5,22,17.4,0.0,0.0
25,6,4,12.5,0.0,0.0
32,4,16,13.75,0.0,0.0
27,8,5,6.625,0.0,0.0
25,6,17,7.166666666666667,0.0,0.0
22,3,12,16.333333333333332,0.0,0.0
26,3,19,15.333333333333334,0.0,0.0
33,5,0,7.2,0.0,0.0
27,3,25,12.0,0.0,0.0
24,3,17,11.333333333333334,0.0,0.0
34,4,24,7.5,0.0,0.0
36,3,0,6.333333333333333,0.0,0.0
29,3,13,7.666666666666667,0.0,0.0
32,5,26,3.8,0.0,0.0
34,1,22,14.0,0.0,0.0
23,1,22,14.0,0.0,0.0
23,5,1,2.6,0.0,0.0
26,6,10,1.8333333333333333,0.0,0.0
26,2,4,4.0,0.0,0.0
24,4,22,3.5,0.0,0.0
24,1,10,6.0,0.0,0.0
27,2,16,5.0,0.0,0.0
27,3,22,2.6666666666666665,0.0,0.0
24,15,30,0.06666666666666667,0.0,0.0
23,14,1,0.07142857142857142,0.0,0.0
27,16,22,0.3125,0.0,0.0
29,16,13,0.0625,0.0,0.0
26,16,1,0.0625,0.0,0.0
36,1,20,3.0,0.0,0.0
28,4,5,0.75,0.0,0.0
26,1,21,2.0,0.0,0.0
25,16,20,0.0625,0.0,0.0
24,1,24,3.0,0.0,0.0
23,4,25,0.5,0.0,0.0
30,1,6,1.0,0.0,0.0
23,16,12,0.0625,0.0,0.0
35,4,27,0.25,0.0,0.0
28,16,1,0.0625,0.0,0.0
28,13,20,0.07692307692307693,0.0,0.0
28,16,24,0.0625,0.0,0.0
26,16,24,0.0625,0.0,0.0
24,14,21,0.07142857142857142,0.0,0.0
26,16,25,0.0625,0.0,0.0
36,15,30,28.533333333333335,0.0,0.0
34,16,18,27.3125,0.0,0.0
38,16,17,25.125,0.0,0.0
36,16,26,21.375,0.0,0.0
30,16,27,25.4375,0.0,0.0
34,16,21,24.1875,0.0,0.0
23,16,20,22.1875,0.0,0.0
27,16,5,24.875,0.0,0.0
27,16,16,22.6875,0.0,0.0
21,16,16,19.5,0.0,0.0
27,16,1,20.5625,0.0,0.0
24,16,22,21.875,0.0,0.0
33,12,5,26.583333333333332,0.0,0.0
33,16,4,20.9375,0.0,0.0
26,16,0,18.5,0.0,0.0
32,16,25,21.6875,0.0,0.0
28,14,6,24.714285714285715,0.0,0.0
32,15,21,20.733333333333334,0.0,0.0
31,16,25,19.1875,0.0,0.0
28,13,31,19.615384615384617,0.0,0.0
23,16,0,18.25,0.0,0.0
26,14,10,17.285714285714285,0.0,0.0
22,12,24,19.166666666666668,0.0,0.0
30,10,5,26.6,0.0,0.0
30,11,19,20.363636363636363,0.0,0.0
39,10,12,19.8,0.0,0.0
36,8,22,23.25,0.0,0.0
26,11,9,17.272727272727273,0.0,0.0
26,8,27,22.25,0.0,0.0
25,8,12,21.25,0.0,0.0
26,7,13,23.142857142857142,0.0,0.0
40,8,13,19.5,0.0,0.0
28,9,27,16.0,0.0,0.0
23,9,22,14.333333333333334,0.0,0.0
27,8,30,17.0,0.0,0.0
27,6,19,13.0,0.0,0.0
27,2,5,29.0,0.0,0.0
33,8,20,14.875,0.0,0.0
32,6,30,16.166666666666668,0.0,0.0
32,4,20,17.75,0.0,0.0
32,2,19,13.0,0.0,0.0
24,7,24,14.428571428571429,0.0,0.0
35,4,20,20.75,0.0,0.0
25,7,31,11.285714285714286,0.0,0.0
27,6,9,12.666666666666666,0.0,0.0
26,3,20,20.333333333333332,0.0,0.0
28,4,30,18.0,0.0,0.0
28,2,21,11.5,0.0,0.0
28,2,5,24.5,0.0,0.0
25,7,10,7.428571428571429,0.0,0.0
26,3,22,18.666666666666668,0.0,0.0
34,2,5,26.0,0.0,0.0
26,7,5,4.571428571428571,0.0,0.0
35,5,5,8.0,0.0,0.0
28,4,19,7.0,0.0,0.0
34,8,30,4.0,0.0,0.0
25,1,4,27.0,0.0,0.0
32,2,5,11.0,0.0,0.0
33,4,13,4.0,0.0,0.0
27,1,13,15.0,0.0,0.0
26,2,22,11.5,0.0,0.0
29,2,1,3.5,0.0,0.0
31,7,26,1.5714285714285714,0.0,0.0
28,1,24,10.0,0.0,0.0
25,1,21,5.0,0.0,0.0
32,2,18,2.5,0.0,0.0
26,1,13,6.0,0.0,0.0
23,14,24,0.07142857142857142,0.0,0.0
32,4,1,1.0,0.0,0.0
30,14,17,0.07142857142857142,0.0,0.0
32,3,0,1.3333333333333333,0.0,0.0
23,1,9,6.0,0.0,0.0
28,11,19,0.09090909090909091,0.0,0.0
25,16,9,0.0625,0.0,0.0
35,3,0,0.6666666666666666,0.0,0.0
31,1,16,1.0,0.0,0.0
25,2,27,1.5,0.0,0.0
23,16,16,0.0625,0.0,0.0
27,2,19,0.5,0.0,0.0
24,5,17,0.2,0.0,0.0
29,2,25,1.0,0.0,0.0
28,16,10,0.0625,0.0,0.0
28,3,25,0.3333333333333333,0.0,0.0
24,16,25,0.0625,0.0,0.0
33,16,5,0.0625,0.0,0.0
35,16,30,28.5,0.0,0.0
32,16,5,25.5,0.0,0.0
25,16,13,23.75,0.0,0.0
38,16,12,24.6875,0.0,0.0
29,16,27,25.9375,0.0,0.0
33,16,21,23.6875,0.0,0.0
31,16,25,21.3125,0.0,0.0
33,16,18,23.6875,0.0,0.0
26,16,5,22.6875,0.0,0.0
37,16,17,23.3125,0.0,0.0
26,16,16,24.5,0.0,0.0
29,16,5,21.5,0.0,0.0
31,15,21,24.666666666666668,0.0,0.0
34,15,20,20.266666666666666,0.0,0.0
26,16,1,17.8125,0.0,0.0
27,16,31,19.3125,0.0,0.0
27,16,27,18.0625,0.0,0.0
29,14,22,17.285714285714285,0.0,0.0
23,16,22,21.75,0.0,0.0
30,15,25,20.2,0.0,0.0
25,14,0,18.714285714285715,0.0,0.0
32,12,10,23.916666666666668,0.0,0.0
22,13,0,19.923076923076923,0.0,0.0
22,14,20,20.0,0.0,0.0
24,14,4,15.642857142857142,0.0,0.0
32,12,19,16.416666666666668,0.0,0.0
35,11,16,16.727272727272727,0.0,0.0
25,8,6,23.25,0.0,0.0
25,10,9,18.0,0.0,0.0
30,9,26,14.666666666666666,0.0,0.0
24,9,1,16.333333333333332,0.0,0.0
34,9,9,16.11111111111111,0.0,0.0
35,6,26,23.5,0.0,0.0
25,6,16,19.5,0.0,0.0
23,7,24,15.285714285714286,0.0,0.0
32,7,24,15.0,0.0,0.0
28,5,1,18.2,0.0,0.0
26,7,24,12.285714285714286,0.0,0.0
24,5,10,15.2,0.0,0.0
31,6,0,10.833333333333334,0.0,0.0
34,10,4,6.4,0.0,0.0
25,3,26,15.0,0.0,0.0
29,3,20,14.0,0.0,0.0
26,2,19,22.5,0.0,0.0
32,3,0,13.666666666666666,0.0,0.0
26,3,19,13.666666666666666,0.0,0.0
31,5,20,4.8,0.0,0.0
39,4,13,7.5,0.0,0.0
27,4,21,6.5,0.0,0.0
26,2,0,11.0,0.0,0.0
23,6,17,3.1666666666666665,0.0,0.0
23,1,22,14.0,0.0,0.0
22,5,22,3.6,0.0,0.0
28,3,25,5.333333333333333,0.0,0.0
25,1,22,12.0,0.0,0.0
24,2,19,5.0,0.0,0.0
23,2,26,0.5,0.0,0.0
25,16,31,0.1875,0.0,0.0
32,4,31,2.75,0.0,0.0
29,7,25,1.1428571428571428,0.0,0.0
27,1,27,3.0,0.0,0.0
24,4,21,1.0,0.0,0.0
33,11,22,0.45454545454545453,0.0,0.0
24,4,12,1.0,0.0,0.0
26,1,4,3.0,0.0,0.0
25,1,27,3.0,0.0,0.0
24,16,4,0.0625,0.0,0.0
24,16,9,0.125,0.0,0.0
27,13,20,0.15384615384615385,0.0,0.0
24,16,5,0.125,0.0,0.0
24,16,5,0.0625,0.0,0.0
30,2,16,1.0,0.0,0.0
26,16,5,0.125,0.0,0.0
26,16,20,0.0625,0.0,0.0
24,15,1,0.06666666666666667,0.0,0.0
31,2,18,0.5,0.0,0.0
29,16,26,0.0625,0.0,0.0
38,16,19,0.0625,0.0,0.0
30,1,24,1.0,0.0,0.0
32,16,25,0.0625,0.0,0.0
28,13,19,0.07692307692307693,0.0,0.0
31,1,1,1.0,0.0,0.0
37,16,12,28.125,0.0,0.0
34,16,30,27.875,0.0,0.0
25,16,5,23.1875,0.0,0.0
28,16,27,27.4375,0.0,0.0
32,16,18,23.625,0.0,0.0
36,16,17,23.75,0.0,0.0
26,16,31,22.6875,0.0,0.0
34,16,26,22.625,0.0,0.0
31,16,5,23.4375,0.0,0.0
25,16,16,22.1875,0.0,0.0
28,16,5,22.625,0.0,0.0
33,15,20,22.8,0.0,0.0
24,16,13,21.4375,0.0,0.0
32,16,21,19.8125,0.0,0.0
24,16,0,18.25,0.0,0.0
25,16,1,16.0625,0.0,0.0
29,15,25,20.533333333333335,0.0,0.0
28,15,20,20.333333333333332,0.0,0.0
23,13,1,21.076923076923077,0.0,0.0
26,16,27,15.1875,0.0,0.0
23,16,4,15.4375,0.0,0.0
24,13,6,15.615384615384615,0.0,0.0
30,11,21,20.363636363636363,0.0,0.0
24,13,16,19.0,0.0,0.0
30,9,25,21.444444444444443,0.0,0.0
31,11,24,19.727272727272727,0.0,0.0
32,10,19,21.9,0.0,0.0
32,9,22,20.0,0.0,0.0
23,10,10,18.0,0.0,0.0
34,8,21,18.625,0.0,0.0
31,9,0,17.0,0.0,0.0
24,11,22,14.181818181818182,0.0,0.0
25,8,19,17.125,0.0,0.0
30,8,22,17.625,0.0,0.0
26,7,9,22.714285714285715,0.0,0.0
30,10,9,14.2,0.0,0.0
25,9,0,16.88888888888889,0.0,0.0
24,7,22,16.857142857142858,0.0,0.0
28,7,30,17.714285714285715,0.0,0.0
28,2,22,11.0,0.0,0.0
28,5,25,20.4,0.0,0.0
25,7,24,15.857142857142858,0.0,0.0
33,7,6,11.0,0.0,0.0
28,6,10,15.5,0.0,0.0
25,4,30,15.75,0.0,0.0
25,3,16,14.333333333333334,0.0,0.0
25,1,0,20.0,0.0,0.0
26,3,25,18.333333333333332,0.0,0.0
28,3,22,19.0,0.0,0.0
24,3,20,14.0,0.0,0.0
31,3,20,11.0,0.0,0.0
22,2,10,13.0,0.0,0.0
27,5,25,5.0,0.0,0.0
25,3,4,5.333333333333333,0.0,0.0
30,3,1,3.3333333333333335,0.0,0.0
33,2,25,8.0,0.0,0.0
38,3,13,2.3333333333333335,0.0,0.0
26,3,19,5.0,0.0,0.0
23,4,12,2.75,0.0,0.0
28,3,21,2.6666666666666665,0.0,0.0
29,1,16,2.0,0.0,0.0
30,6,4,0.3333333333333333,0.0,0.0
24,1,27,5.0,0.0,0.0
34,9,5,0.1111111111111111,0.0,0.0
25,16,4,0.0625,0.0,0.0
24,16,31,0.0625,0.0,0.0
28,16,22,0.0625,0.0,0.0
22,15,20,0.06666666666666667,0.0,0.0
23,16,26,0.0625,0.0,0.0
26,10,22,0.1,0.0,0.0
25,16,5,0.0625,0.0,0.0
27,4,27,0.25,0.0,0.0
25,16,22,0.0625,0.0,0.0
28,15,20,0.06666666666666667,0.0,0.0
22,8,16,0.125,0.0,0.0
24,3,5,0.3333333333333333,0.0,0.0
27,5,27,0.2,0.0,0.0
33,16,30,26.375,0.0,0.0
24,16,5,27.1875,0.0,0.0
32,16,20,26.5625,0.0,0.0
35,16,17,25.0625,0.0,0.0
27,16,27,26.375,0.0,0.0
36,16,12,25.0,0.0,0.0
23,16,13,21.1875,0.0,0.0
29,16,25,23.1875,0.0,0.0
24,16,16,19.125,0.0,0.0
33,15,22,23.0,0.0,0.0
31,16,19,21.875,0.0,0.0
31,16,21,20.0625,0.0,0.0
23,16,0,17.5,0.0,0.0
27,16,5,19.8125,0.0,0.0
25,16,9,20.5,0.0,0.0
25,16,31,20.5625,0.0,0.0
31,16,18,21.125,0.0,0.0
30,16,10,19.125,0.0,0.0
29,15,22,19.8,0.0,0.0
24,16,16,17.625,0.0,0.0
30,13,5,21.846153846153847,0.0,0.0
22,15,1,17.2,0.0,0.0
24,16,1,15.75,0.0,0.0
29,15,21,17.0,0.0,0.0
24,16,0,18.75,0.0,0.0
32,10,6,20.4,0.0,0.0
24,11,24,16.09090909090909,0.0,0.0
27,10,20,16.6,0.0,0.0
25,13,27,10.461538461538462,0.0,0.0
30,9,25,17.88888888888889,0.0,0.0
28,10,27,15.3,0.0,0.0
23,7,6,23.0,0.0,0.0
23,10,20,16.2,0.0,0.0
37,8,24,17.25,0.0,0.0
28,6,26,18.166666666666668,0.0,0.0
28,10,25,11.2,0.0,0.0
24,7,26,15.571428571428571,0.0,0.0
23,6,26,14.833333333333334,0.0,0.0
38,2,5,22.5,0.0,0.0
27,2,26,15.0,0.0,0.0
32,2,5,12.5,0.0,0.0
31,6,21,5.333333333333333,0.0,0.0
24,2,4,9.5,0.0,0.0
27,1,22,22.0,0.0,0.0
23,7,5,2.4285714285714284,0.0,0.0
32,1,5,10.0,0.0,0.0
23,3,22,4.666666666666667,0.0,0.0
28,2,16,5.5,0.0,0.0
29,2,22,8.0,0.0,0.0
30,1,20,9.0,0.0,0.0
26,3,22,3.0,0.0,0.0
23,9,31,0.1111111111111111,0.0,0.0
27,3,1,1.6666666666666667,0.0,0.0
29,2,31,2.5,0.0,0.0
29,2,0,2.0,0.0,0.0
29,1,16,4.0,0.0,0.0
22,16,9,0.1875,0.0,0.0
24,16,4,0.0625,0.0,0.0
29,2,9,0.5,0.0,0.0
25,12,4,0.5,0.0,0.0
25,4,19,1.0,0.0,0.0
25,1,24,3.0,0.0,0.0
28,4,10,0.75,0.0,0.0
25,16,16,0.0625,0.0,0.0
25,16,25,0.0625,0.0,0.0
26,16,1,0.0625,0.0,0.0
24,15,1,0.06666666666666667,0.0,0.0
27,4,25,0.5,0.0,0.0
33,2,21,1.0,0.0,0.0
24,4,17,0.25,0.0,0.0
29,1,6,2.0,0.0,0.0
22,5,12,0.4,0.0,0.0
26,16,30,0.0625,0.0,0.0
36,16,22,0.0625,0.0,0.0
32,16,30,29.25,0.0,0.0
34,16,17,25.0625,0.0,0.0
23,16,5,26.3125,0.0,0.0
30,16,21,22.4375,0.0,0.0
28,15,25,22.866666666666667,0.0,0.0
30,16,18,22.875,0.0,0.0
31,16,20,21.625,0.0,0.0
26,16,27,21.6875,0.0,0.0
29,15,5,21.6,0.0,0.0
22,16,0,19.375,0.0,0.0
29,16,10,22.0625,0.0,0.0
26,16,5,19.5,0.0,0.0
23,15,16,23.066666666666666,0.0,0.0
36,16,24,19.9375,0.0,0.0
24,16,31,18.75,0.0,0.0
31,13,6,19.46153846153846,0.0,0.0
31,13,1,20.384615384615383,0.0,0.0
27,16,27,17.0625,0.0,0.0
28,15,1,18.066666666666666,0.0,0.0
32,10,22,19.9,0.0,0.0
25,13,22,20.384615384615383,0.0,0.0
27,13,16,16.153846153846153,0.0,0.0
30,10,19,17.8,0.0,0.0
28,10,21,18.2,0.0,0.0
22,15,20,14.0,0.0,0.0
24,10,9,19.1,0.0,0.0
27,9,26,16.22222222222222,0.0,0.0
23,8,26,18.875,0.0,0.0
23,11,0,14.363636363636363,0.0,0.0
29,9,30,16.666666666666668,0.0,0.0
29,5,12,18.2,0.0,0.0
29,4,25,14.75,0.0,0.0
24,14,12,9.0,0.0,0.0
29,9,25,17.77777777777778,0.0,0.0
26,9,13,14.666666666666666,0.0,0.0
28,8,13,15.25,0.0,0.0
29,6,22,16.666666666666668,0.0,0.0
35,6,0,15.666666666666666,0.0,0.0
24,6,19,13.666666666666666,0.0,0.0
26,4,16,16.0,0.0,0.0
28,6,6,11.0,0.0,0.0
30,4,1,20.0,0.0,0.0
28,6,25,13.333333333333334,0.0,0.0
26,6,21,8.5,0.0,0.0
31,6,22,9.166666666666666,0.0,0.0
34,5,9,10.6,0.0,0.0
28,3,9,16.0,0.0,0.0
23,5,24,6.8,0.0,0.0
26,5,25,6.6,0.0,0.0
39,3,13,16.0,0.0,0.0
32,3,21,11.666666666666666,0.0,0.0
25,11,0,3.090909090909091,0.0,0.0
29,3,1,9.0,0.0,0.0
30,4,20,7.5,0.0,0.0
25,9,16,2.111111111111111,0.0,0.0
36,1,19,18.0,0.0,0.0
37,4,5,3.75,0.0,0.0
34,5,27,3.6,0.0,0.0
26,1,20,24.0,0.0,0.0
30,2,22,7.5,0.0,0.0
28,2,31,4.0,0.0,0.0
24,4,6,2.75,0.0,0.0
39,3,20,2.0,0.0,0.0
28,2,26,5.0,0.0,0.0
30,2,16,3.0,0.0,0.0
28,2,19,5.0,0.0,0.0
25,9,1,0.1111111111111111,0.0,0.0
24,16,1,0.0625,0.0,0.0
23,14,4,0.07142857142857142,0.0,0.0
24,3,27,1.0,0.0,0.0
35,16,22,0.0625,0.0,0.0
31,2,5,1.0,0.0,0.0
27,8,5,0.125,0.0,0.0
25,16,30,0.25,0.0,0.0
28,15,0,0.06666666666666667,0.0,0.0
27,3,10,1.0,0.0,0.0
26,3,17,0.3333333333333333,0.0,0.0
22,3,5,0.3333333333333333,0.0,0.0
24,11,5,0.09090909090909091,0.0,0.0
37,16,27,0.0625,0.0,0.0
23,16,0,0.0625,0.0,0.0
24,16,5,0.0625,0.0,0.0
29,16,18,22.3125,0.0,0.0
34,16,13,28.125,0.0,0.0
31,16,30,28.0,0.0,0.0
29,16,19,22.8125,0.0,0.0
29,16,21,21.1875,0.0,0.0
31,16,31,22.625,0.0,0.0
27,15,25,20.8,0.0,0.0
33,16,17,20.25,0.0,0.0
25,16,27,22.3125,0.0,0.0
28,13,12,22.53846153846154,0.0,0.0
25,16,5,19.125,0.0,0.0
23,16,9,22.125,0.0,0.0
22,16,16,18.1875,0.0,0.0
34,13,1,21.153846153846153,0.0,0.0
25,15,16,20.066666666666666,0.0,0.0
27,15,21,17.4,0.0,0.0
28,12,5,20.0,0.0,0.0
28,15,25,17.466666666666665,0.0,0.0
30,12,6,19.416666666666668,0.0,0.0
35,14,1,19.0,0.0,0.0
28,13,10,19.615384615384617,0.0,0.0
32,14,20,16.857142857142858,0.0,0.0
30,11,5,23.363636363636363,0.0,0.0
41,13,0,16.692307692307693,0.0,0.0
28,13,22,14.923076923076923,0.0,0.0
26,11,27,18.545454545454547,0.0,0.0
38,10,20,20.9,0.0,0.0
27,12,26,14.083333333333334,0.0,0.0
38,10,24,16.0,0.0,0.0
30,6,20,24.666666666666668,0.0,0.0
24,8,22,16.875,0.0,0.0
23,13,0,12.076923076923077,0.0,0.0
27,9,24,10.333333333333334,0.0,0.0
26,7,6,16.428571428571427,0.0,0.0
26,6,27,12.166666666666666,0.0,0.0
27,6,22,13.833333333333334,0.0,0.0
30,4,1,18.5,0.0,0.0
35,5,22,18.6,0.0,0.0
26,6,0,13.166666666666666,0.0,0.0
26,6,5,11.5,0.0,0.0
30,8,22,8.0,0.0,0.0
22,5,26,12.0,0.0,0.0
23,9,12,4.555555555555555,0.0,0.0
22,3,5,19.0,0.0,0.0
27,5,30,11.0,0.0,0.0
27,2,10,14.5,0.0,0.0
27,3,20,8.666666666666666,0.0,0.0
28,6,1,9.5,0.0,0.0
24,5,0,10.8,0.0,0.0
26,5,16,6.6,0.0,0.0
25,7,25,5.714285714285714,0.0,0.0
25,6,26,6.5,0.0,0.0
36,3,5,9.666666666666666,0.0,0.0
27,3,0,11.333333333333334,0.0,0.0
25,2,5,11.0,0.0,0.0
25,2,20,11.0,0.0,0.0
38,1,20,18.0,0.0,0.0
23,2,24,10.0,0.0,0.0
31,1,0,13.0,0.0,0.0
27,1,26,16.0,0.0,0.0
25,5,17,1.4,0.0,0.0
29,1,20,11.0,0.0,0.0
24,11,16,1.2727272727272727,0.0,0.0
25,1,10,10.0,0.0,0.0
39,2,21,5.0,0.0,0.0
31,1,27,5.0,0.0,0.0
25,2,21,2.5,0.0,0.0
24,1,0,6.0,0.0,0.0
30,1,5,5.0,0.0,0.0
31,16,5,0.125,0.0,0.0
27,2,25,4.0,0.0,0.0
27,2,25,2.0,0.0,0.0
24,15,22,0.06666666666666667,0.0,0.0
27,11,1,0.09090909090909091,0.0,0.0
30,16,18,0.0625,0.0,0.0
29,5,22,0.4,0.0,0.0
23,1,10,2.0,0.0,0.0
33,2,27,2.0,0.0,0.0
27,15,22,0.13333333333333333,0.0,0.0
34,1,16,1.0,0.0,0.0
26,1,31,3.0,0.0,0.0
27,13,26,0.07692307692307693,0.0,0.0
24,13,30,0.15384615384615385,0.0,0.0
24,16,22,0.0625,0.0,0.0
28,16,5,0.0625,0.0,0.0
34,3,18,0.3333333333333333,0.0,0.0
27,1,4,1.0,0.0,0.0
27,16,4,0.125,0.0,0.0
30,12,16,0.08333333333333333,0.0,0.0
22,3,0,0.3333333333333333,0.0,0.0
30,16,5,0.0625,0.0,0.0
28,16,19,24.75,0.0,0.0
33,16,13,24.5625,0.0,0.0
29,16,20,21.6875,0.0,0.0
26,16,25,21.875,0.0,0.0
32,16,17,23.1875,0.0,0.0
30,15,30,24.2,0.0,0.0
27,15,5,22.466666666666665,0.0,0.0
28,16,18,19.8125,0.0,0.0
40,16,0,22.6875,0.0,0.0
28,16,21,19.8125,0.0,0.0
27,16,12,21.0,0.0,0.0
38,15,26,22.6,0.0,0.0
26,16,21,21.0,0.0,0.0
28,16,1,20.4375,0.0,0.0
24,16,5,19.6875,0.0,0.0
31,16,20,19.625,0.0,0.0
33,14,6,19.071428571428573,0.0,0.0
30,16,31,17.625,0.0,0.0
34,14,1,20.928571428571427,0.0,0.0
27,15,25,18.066666666666666,0.0,0.0
24,14,27,18.785714285714285,0.0,0.0
24,14,16,19.571428571428573,0.0,0.0
25,11,27,20.454545454545453,0.0,0.0
21,10,5,20.1,0.0,0.0
34,11,0,16.181818181818183,0.0,0.0
26,12,24,12.666666666666666,0.0,0.0
21,10,16,15.8,0.0,0.0
32,9,9,15.555555555555555,0.0,0.0
27,10,10,12.7,0.0,0.0
25,10,22,13.6,0.0,0.0
24,12,22,10.0,0.0,0.0
37,7,24,17.0,0.0,0.0
26,8,10,13.75,0.0,0.0
25,7,0,12.142857142857142,0.0,0.0
26,7,22,11.714285714285714,0.0,0.0
32,8,5,11.125,0.0,0.0
29,6,27,14.5,0.0,0.0
28,7,9,14.0,0.0,0.0
26,8,22,10.125,0.0,0.0
32,6,27,11.5,0.0,0.0
25,5,6,12.4,0.0,0.0
29,13,1,6.0,0.0,0.0
23,6,16,10.5,0.0,0.0
29,3,16,19.333333333333332,0.0,0.0
28,3,22,17.666666666666668,0.0,0.0
24,4,9,18.25,0.0,0.0
26,8,26,6.375,0.0,0.0
33,3,16,17.0,0.0,0.0
25,3,5,8.666666666666666,0.0,0.0
33,4,18,5.0,0.0,0.0
26,3,25,7.666666666666667,0.0,0.0
30,6,21,3.5,0.0,0.0
26,8,0,1.75,0.0,0.0
24,2,10,8.5,0.0,0.0
24,1,5,12.0,0.0,0.0
38,3,1,4.0,0.0,0.0
24,5,17,3.8,0.0,0.0
26,10,4,1.3,0.0,0.0
29,12,6,0.5,0.0,0.0
24,2,13,4.0,0.0,0.0
25,1,16,4.0,0.0,0.0
24,15,25,0.4666666666666667,0.0,0.0
28,16,1,0.0625,0.0,0.0
30,3,31,1.3333333333333333,0.0,0.0
30,16,9,0.0625,0.0,0.0
32,13,1,0.07692307692307693,0.0,0.0
29,1,19,3.0,0.0,0.0
28,16,10,0.0625,0.0,0.0
26,13,4,0.07692307692307693,0.0,0.0
33,16,10,0.0625,0.0,0.0
25,4,5,1.25,0.0,0.0
29,3,12,1.6666666666666667,0.0,0.0
26,15,13,0.06666666666666667,0.0,0.0
28,9,16,0.2222222222222222,0.0,0.0
26,15,18,0.06666666666666667,0.0,0.0
26,16,22,0.0625,0.0,0.0
35,1,5,1.0,0.0,0.0
30,1,26,2.0,0.0,0.0
24,2,21,1.5,0.0,0.0
34,11,22,0.09090909090909091,0.0,0.0
27,16,5,0.0625,0.0,0.0
25,1,25,1.0,0.0,0.0
30,1,0,1.0,0.0,0.0
28,3,20,0.3333333333333333,0.0,0.0
35,16,21,0.0625,0.0,0.0
29,16,30,25.8125,0.0,0.0
37,16,26,25.0625,0.0,0.0
25,16,12,24.0,0.0,0.0
25,16,25,21.3125,0.0,0.0
27,16,18,19.5,0.0,0.0
32,16,13,23.1875,0.0,0.0
32,16,6,21.5625,0.0,0.0
26,16,17,20.4375,0.0,0.0
32,16,16,20.0625,0.0,0.0
30,16,20,20.9375,0.0,0.0
39,16,4,21.4375,0.0,0.0
28,13,20,21.23076923076923,0.0,0.0
23,16,27,16.5625,0.0,0.0
26,16,5,17.5625,0.0,0.0
33,16,0,15.375,0.0,0.0
27,16,1,19.6875,0.0,0.0
27,16,21,18.0625,0.0,0.0
27,11,19,22.818181818181817,0.0,0.0
26,15,21,18.133333333333333,0.0,0.0
23,16,5,16.0625,0.0,0.0
31,15,9,16.733333333333334,0.0,0.0
38,12,16,20.333333333333332,0.0,0.0
25,14,10,17.5,0.0,0.0
36,16,24,15.125,0.0,0.0
24,14,25,16.428571428571427,0.0,0.0
23,15,22,13.2,0.0,0.0
37,11,0,16.181818181818183,0.0,0.0
28,9,27,20.11111111111111,0.0,0.0
26,13,31,17.0,0.0,0.0
29,9,27,14.222222222222221,0.0,0.0
25,10,5,14.3,0.0,0.0
25,10,22,14.2,0.0,0.0
28,10,1,14.1,0.0,0.0
30,6,19,19.333333333333332,0.0,0.0
33,7,1,15.571428571428571,0.0,0.0
33,5,16,22.0,0.0,0.0
25,9,0,9.777777777777779,0.0,0.0
31,5,5,12.0,0.0,0.0
36,4,5,17.0,0.0,0.0
29,4,31,18.75,0.0,0.0
27,5,10,12.6,0.0,0.0
38,3,9,12.666666666666666,0.0,0.0
24,3,22,15.0,0.0,0.0
35,5,25,10.0,0.0,0.0
40,16,20,2.5625,0.0,0.0
27,4,22,10.75,0.0,0.0
28,5,5,4.2,0.0,0.0
25,4,26,3.75,0.0,0.0
28,4,21,8.0,0.0,0.0
25,3,24,7.333333333333333,0.0,0.0
26,2,22,11.0,0.0,0.0
28,1,13,22.0,0.0,0.0
25,2,25,10.0,0.0,0.0
24,6,6,2.8333333333333335,0.0,0.0
24,3,5,3.0,0.0,0.0
29,3,21,3.0,0.0,0.0
27,2,1,6.0,0.0,0.0
24,6,5,0.5,0.0,0.0
31,1,17,7.0,0.0,0.0
29,1,25,7.0,0.0,0.0
29,2,20,5.0,0.0,0.0
23,3,16,2.3333333333333335,0.0,0.0
29,16,1,0.1875,0.0,0.0
26,16,20,0.0625,0.0,0.0
27,16,16,0.125,0.0,0.0
24,3,31,2.3333333333333335,0.0,0.0
25,2,4,1.5,0.0,0.0
25,2,22,3.5,0.0,0.0
23,2,17,2.0,0.0,0.0
28,2,5,0.5,0.0,0.0
32,16,10,0.0625,0.0,0.0
29,1,12,2.0,0.0,0.0
25,15,4,0.06666666666666667,0.0,0.0
28,16,26,0.0625,0.0,0.0
32,13,9,0.15384615384615385,0.0,0.0
24,15,22,0.06666666666666667,0.0,0.0
25,15,22,0.06666666666666667,0.0,0.0
28,1,24,1.0,0.0,0.0
27,1,9,1.0,0.0,0.0
23,7,25,0.2857142857142857,0.0,0.0
26,2,25,0.5,0.0,0.0
29,12,25,0.08333333333333333,0.0,0.0
29,16,0,0.0625,0.0,0.0
29,2,22,0.5,0.0,0.0
23,1,5,1.0,0.0,0.0
28,10,16,0.1,0.0,0.0
32,15,17,0.06666666666666667,0.0,0.0
30,16,17,24.875,0.0,0.0
28,16,30,27.5,0.0,0.0
27,16,20,20.9375,0.0,0.0
38,16,25,22.25,0.0,0.0
28,16,31,23.3125,0.0,0.0
35,16,5,22.1875,0.0,0.0
31,16,13,21.0625,0.0,0.0
32,16,1,22.0,0.0,0.0
24,16,22,18.625,0.0,0.0
24,16,12,18.5625,0.0,0.0
36,14,26,20.071428571428573,0.0,0.0
26,16,21,18.5625,0.0,0.0
31,14,6,20.785714285714285,0.0,0.0
25,15,5,17.6,0.0,0.0
26,16,18,17.3125,0.0,0.0
25,13,1,19.23076923076923,0.0,0.0
24,15,24,15.866666666666667,0.0,0.0
29,12,20,17.333333333333332,0.0,0.0
37,13,16,16.076923076923077,0.0,0.0
30,12,9,18.416666666666668,0.0,0.0
34,11,25,18.727272727272727,0.0,0.0
26,11,19,17.454545454545453,0.0,0.0
29,12,27,17.916666666666668,0.0,0.0
24,12,0,14.25,0.0,0.0
32,7,21,23.0,0.0,0.0
28,9,16,19.22222222222222,0.0,0.0
31,9,4,19.88888888888889,0.0,0.0
26,12,5,14.0,0.0,0.0
29,9,19,17.11111111111111,0.0,0.0
24,10,10,15.1,0.0,0.0
24,10,4,13.0,0.0,0.0
27,8,21,15.25,0.0,0.0
30,7,22,15.428571428571429,0.0,0.0
24,9,25,14.11111111111111,0.0,0.0
26,8,10,13.875,0.0,0.0
35,7,27,16.142857142857142,0.0,0.0
28,9,22,12.333333333333334,0.0,0.0
34,6,5,22.166666666666668,0.0,0.0
30,7,27,12.714285714285714,0.0,0.0
36,8,9,11.75,0.0,0.0
26,5,16,18.8,0.0,0.0
37,5,16,17.0,0.0,0.0
28,8,20,10.0,0.0,0.0
44,7,0,13.428571428571429,0.0,0.0
23,7,27,13.428571428571429,0.0,0.0
36,4,1,16.75,0.0,0.0
23,9,0,7.0,0.0,0.0
30,3,6,19.666666666666668,0.0,0.0
24,5,26,12.0,0.0,0.0
28,6,0,12.166666666666666,0.0,0.0
32,3,0,18.333333333333332,0.0,0.0
26,5,16,12.0,0.0,0.0
35,6,24,8.333333333333334,0.0,0.0
34,3,0,14.0,0.0,0.0
27,3,27,18.0,0.0,0.0
25,3,21,14.333333333333334,0.0,0.0
23,4,5,10.0,0.0,0.0
28,5,0,6.6,0.0,0.0
22,4,22,9.0,0.0,0.0
27,3,27,10.666666666666666,0.0,0.0
28,2,12,14.5,0.0,0.0
33,7,5,2.4285714285714284,0.0,0.0
24,2,25,10.0,0.0,0.0
27,10,1,1.9,0.0,0.0
30,4,26,3.75,0.0,0.0
26,1,9,17.0,0.0,0.0
28,4,5,3.25,0.0,0.0
27,4,13,4.5,0.0,0.0
24,4,16,3.25,0.0,0.0
35,2,27,6.5,0.0,0.0
21,13,0,0.15384615384615385,0.0,0.0
28,1,25,7.0,0.0,0.0
39,16,20,0.4375,0.0,0.0
23,1,22,3.0,0.0,0.0
23,1,25,2.0,0.0,0.0
25,6,17,0.6666666666666666,0.0,0.0
25,1,22,5.0,0.0,0.0
25,16,4,0.0625,0.0,0.0
26,1,22,4.0,0.0,0.0
23,16,5,0.0625,0.0,0.0
26,2,21,2.0,0.0,0.0
26,16,0,0.0625,0.0,0.0
28,15,1,0.06666666666666667,0.0,0.0
28,16,18,0.0625,0.0,0.0
23,5,17,0.2,0.0,0.0
26,16,1,0.0625,0.0,0.0
31,3,21,0.3333333333333333,0.0,0.0
28,16,21,0.0625,0.0,0.0
21,13,10,0.07692307692307693,0.0,0.0
31,5,18,0.6,0.0,0.0
24,12,9,0.08333333333333333,0.0,0.0
27,16,30,22.25,0.0,0.0
30,16,13,22.625,0.0,0.0
29,16,9,23.125,0.0,0.0
34,16,5,23.25,0.0,0.0
27,16,31,20.25,0.0,0.0
37,16,25,21.4375,0.0,0.0
29,16,17,19.9375,0.0,0.0
24,15,5,18.666666666666668,0.0,0.0
25,16,18,17.75,0.0,0.0
30,16,4,19.5625,0.0,0.0
25,16,21,18.8125,0.0,0.0
26,16,21,16.375,0.0,0.0
25,16,10,16.75,0.0,0.0
33,16,5,18.4375,0.0,0.0
26,16,20,13.75,0.0,0.0
22,16,27,16.0625,0.0,0.0
31,13,0,20.23076923076923,0.0,0.0
27,16,19,18.875,0.0,0.0
38,15,0,18.0,0.0,0.0
30,10,6,18.0,0.0,0.0
23,12,26,17.833333333333332,0.0,0.0
26,16,27,12.75,0.0,0.0
25,13,22,19.384615384615383,0.0,0.0
31,12,1,17.5,0.0,0.0
28,11,16,20.272727272727273,0.0,0.0
23,15,24,12.266666666666667,0.0,0.0
32,16,12,10.9375,0.0,0.0
33,10,25,14.8,0.0,0.0
28,11,20,13.181818181818182,0.0,0.0
24,12,22,12.25,0.0,0.0
23,13,16,13.615384615384615,0.0,0.0
35,6,26,18.0,0.0,0.0
36,8,25,15.125,0.0,0.0
36,8,6,14.5,0.0,0.0
24,7,1,15.714285714285714,0.0,0.0
34,6,20,15.0,0.0,0.0
26,6,20,18.0,0.0,0.0
30,8,22,13.75,0.0,0.0
23,5,12,16.2,0.0,0.0
29,4,16,20.25,0.0,0.0
26,8,1,10.25,0.0,0.0
23,5,22,13.2,0.0,0.0
29,4,16,15.25,0.0,0.0
34,3,0,18.666666666666668,0.0,0.0
26,3,16,19.333333333333332,0.0,0.0
34,4,24,10.5,0.0,0.0
32,8,5,3.875,0.0,0.0
25,5,5,6.6,0.0,0.0
23,4,0,11.75,0.0,0.0
27,4,16,9.5,0.0,0.0
29,2,6,13.0,0.0,0.0
28,4,19,6.75,0.0,0.0
31,6,21,3.0,0.0,0.0
36,16,30,1.0,0.0,0.0
25,16,27,1.125,0.0,0.0
27,2,20,6.5,0.0,0.0
27,2,0,6.5,0.0,0.0
27,16,1,0.125,0.0,0.0
27,2,22,3.0,0.0,0.0
23,1,0,6.0,0.0,0.0
23,2,25,3.0,0.0,0.0
32,16,21,0.0625,0.0,0.0
24,6,17,0.8333333333333334,0.0,0.0
30,4,31,0.75,0.0,0.0
43,3,17,0.6666666666666666,0.0,0.0
35,1,9,1.0,0.0,0.0
23,2,25,1.5,0.0,0.0
28,15,5,0.06666666666666667,0.0,0.0
27,16,18,0.125,0.0,0.0
32,16,0,0.0625,0.0,0.0
25,16,25,0.0625,0.0,0.0
24,16,0,0.0625,0.0,0.0
32,16,6,0.0625,0.0,0.0
30,1,18,1.0,0.0,0.0
28,16,21,0.0625,0.0,0.0
28,16,17,20.875,0.0,0.0
35,16,25,19.8125,0.0,0.0
36,16,25,23.25,0.0,0.0
26,16,31,21.5625,0.0,0.0
24,16,21,18.375,0.0,0.0
33,15,22,20.133333333333333,0.0,0.0
29,16,13,19.0625,0.0,0.0
33,16,20,18.75,0.0,0.0
26,16,18,20.1875,0.0,0.0
30,16,1,18.375,0.0,0.0
30,16,0,16.375,0.0,0.0
31,16,12,17.3125,0.0,0.0
32,14,24,20.857142857142858,0.0,0.0
34,16,16,16.0625,0.0,0.0
29,13,30,18.46153846153846,0.0,0.0
34,10,26,24.2,0.0,0.0
29,9,6,23.444444444444443,0.0,0.0
26,16,19,16.0,0.0,0.0
25,15,27,14.266666666666667,0.0,0.0
23,12,5,14.0,0.0,0.0
33,11,22,18.09090909090909,0.0,0.0
28,8,9,24.0,0.0,0.0
25,11,20,15.909090909090908,0.0,0.0
25,11,16,17.363636363636363,0.0,0.0
27,12,5,15.666666666666666,0.0,0.0
37,15,0,12.266666666666667,0.0,0.0
23,15,21,12.666666666666666,0.0,0.0
26,9,26,18.11111111111111,0.0,0.0
24,9,5,19.0,0.0,0.0
29,9,5,18.22222222222222,0.0,0.0
28,7,0,19.857142857142858,0.0,0.0
26,11,4,13.636363636363637,0.0,0.0
32,10,10,15.5,0.0,0.0
24,9,10,12.555555555555555,0.0,0.0
35,8,9,15.5,0.0,0.0
26,9,6,10.444444444444445,0.0,0.0
30,6,16,18.666666666666668,0.0,0.0
27,7,20,14.0,0.0,0.0
24,7,22,14.0,0.0,0.0
35,6,5,17.0,0.0,0.0
21,9,27,9.333333333333334,0.0,0.0
23,4,9,19.0,0.0,0.0
42,6,4,10.0,0.0,0.0
33,16,30,4.25,0.0,0.0
28,4,27,14.0,0.0,0.0
29,3,4,16.333333333333332,0.0,0.0
24,16,27,2.0625,0.0,0.0
24,3,27,16.0,0.0,0.0
29,6,24,8.333333333333334,0.0,0.0
27,4,16,8.5,0.0,0.0
25,5,13,8.4,0.0,0.0
34,4,5,8.5,0.0,0.0
26,4,1,3.75,0.0,0.0
25,2,21,10.0,0.0,0.0
31,4,5,5.75,0.0,0.0
32,16,6,2.0,0.0,0.0
23,2,17,6.5,0.0,0.0
25,1,26,14.0,0.0,0.0
32,2,19,7.0,0.0,0.0
25,7,1,1.8571428571428572,0.0,0.0
25,5,27,2.8,0.0,0.0
26,2,24,7.5,0.0,0.0
26,1,22,14.0,0.0,0.0
24,2,18,6.0,0.0,0.0
34,2,4,4.0,0.0,0.0
26,1,20,8.0,0.0,0.0
33,3,31,5.666666666666667,0.0,0.0
26,16,5,0.1875,0.0,0.0
22,3,25,3.0,0.0,0.0
33,3,0,2.3333333333333335,0.0,0.0
22,2,5,3.5,0.0,0.0
35,2,21,4.0,0.0,0.0
26,16,18,0.1875,0.0,0.0
43,5,17,1.0,0.0,0.0
25,10,27,0.2,0.0,0.0
34,16,24,0.0625,0.0,0.0
31,16,21,0.0625,0.0,0.0
26,1,4,1.0,0.0,0.0
24,16,1,0.0625,0.0,0.0
26,14,25,0.07142857142857142,0.0,0.0
22,16,20,0.125,0.0,0.0
25,3,12,0.6666666666666666,0.0,0.0
25,14,25,0.07142857142857142,0.0,0.0
23,10,10,0.1,0.0,0.0
27,16,0,23.6875,0.0,0.0
34,16,25,23.0625,0.0,0.0
28,16,13,21.0,0.0,0.0
30,16,12,18.9375,0.0,0.0
35,16,25,21.625,0.0,0.0
27,14,9,22.928571428571427,0.0,0.0
29,16,0,19.375,0.0,0.0
28,15,6,20.0,0.0,0.0
28,16,30,19.3125,0.0,0.0
27,16,17,18.0,0.0,0.0
41,16,20,18.5625,0.0,0.0
25,16,19,17.8125,0.0,0.0
32,14,22,20.642857142857142,0.0,0.0
29,14,1,19.928571428571427,0.0,0.0
25,15,18,17.466666666666665,0.0,0.0
26,16,5,17.125,0.0,0.0
24,14,20,19.071428571428573,0.0,0.0
32,16,10,16.0,0.0,0.0
25,13,31,20.23076923076923,0.0,0.0
28,13,4,18.615384615384617,0.0,0.0
29,11,16,21.181818181818183,0.0,0.0
22,14,5,14.0,0.0,0.0
23,16,5,16.125,0.0,0.0
25,14,26,16.642857142857142,0.0,0.0
28,10,24,21.8,0.0,0.0
24,15,27,12.066666666666666,0.0,0.0
27,9,27,22.0,0.0,0.0
33,10,21,17.4,0.0,0.0
27,11,16,17.363636363636363,0.0,0.0
34,11,22,13.090909090909092,0.0,0.0
25,9,1,18.77777777777778,0.0,0.0
31,8,24,16.125,0.0,0.0
23,8,27,15.375,0.0,0.0
33,8,16,12.625,0.0,0.0
23,9,21,10.555555555555555,0.0,0.0
27,5,21,18.4,0.0,0.0
31,4,22,14.75,0.0,0.0
23,6,21,9.833333333333334,0.0,0.0
36,4,16,16.25,0.0,0.0
32,4,31,15.25,0.0,0.0
23,5,22,9.6,0.0,0.0
24,3,21,15.666666666666666,0.0,0.0
39,3,22,13.666666666666666,0.0,0.0
27,3,26,15.666666666666666,0.0,0.0
27,7,4,5.0,0.0,0.0
24,5,16,8.4,0.0,0.0
39,5,9,7.0,0.0,0.0
29,5,21,10.2,0.0,0.0
26,4,20,9.5,0.0,0.0
32,5,1,5.0,0.0,0.0
23,6,27,5.5,0.0,0.0
33,4,5,7.5,0.0,0.0
25,5,25,4.6,0.0,0.0
42,2,18,10.0,0.0,0.0
26,3,16,5.333333333333333,0.0,0.0
31,16,6,1.125,0.0,0.0
34,1,9,16.0,0.0,0.0
24,4,13,4.25,0.0,0.0
24,1,26,18.0,0.0,0.0
34,3,6,6.0,0.0,0.0
36,4,25,2.75,0.0,0.0
24,7,20,1.4285714285714286,0.0,0.0
25,1,5,11.0,0.0,0.0
27,2,24,3.0,0.0,0.0
25,1,4,5.0,0.0,0.0
24,1,27,4.0,0.0,0.0
26,4,17,1.0,0.0,0.0
28,15,16,0.06666666666666667,0.0,0.0
34,3,10,0.6666666666666666,0.0,0.0
33,2,25,0.5,0.0,0.0
25,15,18,0.06666666666666667,0.0,0.0
27,13,0,0.07692307692307693,0.0,0.0
23,2,18,2.5,0.0,0.0
23,4,10,0.75,0.0,0.0
33,12,20,0.08333333333333333,0.0,0.0
26,16,24,0.0625,0.0,0.0
28,16,27,0.0625,0.0,0.0
38,16,27,0.125,0.0,0.0
28,16,10,0.0625,0.0,0.0
35,15,26,0.06666666666666667,0.0,0.0
27,15,25,0.06666666666666667,0.0,0.0
31,5,19,0.2,0.0,0.0
23,15,1,0.06666666666666667,0.0,0.0
32,15,5,0.06666666666666667,0.0,0.0
33,16,24,0.125,0.0,0.0
25,16,5,0.0625,0.0,0.0
25,16,25,0.0625,0.0,0.0
32,16,17,0.0625,0.0,0.0
38,1,0,1.0,0.0,0.0
27,16,13,23.6875,0.0,0.0
33,16,25,20.625,0.0,0.0
26,15,9,22.4,0.0,0.0
28,16,1,19.5625,0.0,0.0
35,16,16,22.125,0.0,0.0
26,16,17,19.8125,0.0,0.0
31,16,31,20.25,0.0,0.0
27,16,30,19.125,0.0,0.0
26,14,0,21.071428571428573,0.0,0.0
32,16,5,18.625,0.0,0.0
34,16,25,19.25,0.0,0.0
26,16,20,18.25,0.0,0.0
28,16,0,16.625,0.0,0.0
27,16,6,17.1875,0.0,0.0
30,14,24,17.857142857142858,0.0,0.0
31,13,21,21.846153846153847,0.0,0.0
25,16,5,19.3125,0.0,0.0
31,16,10,17.125,0.0,0.0
23,15,20,15.933333333333334,0.0,0.0
33,13,27,17.307692307692307,0.0,0.0
33,13,26,16.0,0.0,0.0
29,11,12,17.181818181818183,0.0,0.0
24,11,1,16.272727272727273,0.0,0.0
27,10,4,18.9,0.0,0.0
32,12,16,14.916666666666666,0.0,0.0
24,11,18,18.636363636363637,0.0,0.0
24,12,19,13.916666666666666,0.0,0.0
30,10,22,19.3,0.0,0.0
26,10,27,13.6,0.0,0.0
31,9,21,14.0,0.0,0.0
40,7,4,17.571428571428573,0.0,0.0
26,10,22,12.0,0.0,0.0
38,7,22,17.857142857142858,0.0,0.0
33,9,22,12.88888888888889,0.0,0.0
22,11,5,10.545454545454545,0.0,0.0
27,7,5,13.428571428571429,0.0,0.0
41,7,18,13.0,0.0,0.0
38,8,21,13.375,0.0,0.0
24,8,26,11.875,0.0,0.0
25,7,1,13.571428571428571,0.0,0.0
26,11,27,6.636363636363637,0.0,0.0
28,5,16,14.8,0.0,0.0
30,7,19,8.714285714285714,0.0,0.0
32,16,0,2.375,0.0,0.0
23,5,27,10.0,0.0,0.0
27,7,24,6.285714285714286,0.0,0.0
25,6,21,10.0,0.0,0.0
30,5,12,10.6,0.0,0.0
23,3,21,12.666666666666666,0.0,0.0
23,7,27,6.285714285714286,0.0,0.0
38,4,12,8.25,0.0,0.0
32,2,9,19.0,0.0,0.0
24,4,22,6.25,0.0,0.0
37,1,24,18.0,0.0,0.0
26,2,10,7.0,0.0,0.0
24,2,19,10.0,0.0,0.0
26,3,16,5.0,0.0,0.0
30,4,30,2.75,0.0,0.0
30,2,1,2.5,0.0,0.0
30,2,22,3.0,0.0,0.0
24,3,5,3.0,0.0,0.0
25,2,20,4.5,0.0,0.0
31,4,30,1.75,0.0,0.0
33,16,5,0.0625,0.0,0.0
32,5,25,1.8,0.0,0.0
33,15,12,0.06666666666666667,0.0,0.0
25,2,22,3.0,0.0,0.0
31,15,9,0.13333333333333333,0.0,0.0
26,2,5,3.5,0.0,0.0
25,2,16,2.0,0.0,0.0
33,6,10,0.8333333333333334,0.0,0.0
29,4,5,1.0,0.0,0.0
26,16,1,0.125,0.0,0.0
26,1,12,4.0,0.0,0.0
24,10,20,0.1,0.0,0.0
30,16,6,0.1875,0.0,0.0
23,16,20,0.0625,0.0,0.0
25,1,17,3.0,0.0,0.0
31,5,1,0.8,0.0,0.0
32,16,24,0.125,0.0,0.0
25,16,6,0.0625,0.0,0.0
27,2,13,1.0,0.0,0.0
26,14,5,0.07142857142857142,0.0,0.0
24,16,18,0.0625,0.0,0.0
37,1,0,4.0,0.0,0.0
35,16,25,0.125,0.0,0.0
25,12,24,0.08333333333333333,0.0,0.0
31,15,30,0.06666666666666667,0.0,0.0
27,16,9,0.0625,0.0,0.0
26,1,20,1.0,0.0,0.0
22,1,1,1.0,0.0,0.0
24,16,5,0.1875,0.0,0.0
25,16,27,0.0625,0.0,0.0
37,16,22,26.125,0.0,0.0
30,16,10,23.4375,0.0,0.0
26,16,13,24.5,0.0,0.0
30,16,21,20.9375,0.0,0.0
25,16,0,20.8125,0.0,0.0
25,16,17,23.3125,0.0,0.0
32,16,25,17.9375,0.0,0.0
33,16,25,21.3125,0.0,0.0
26,16,30,17.6875,0.0,0.0
29,16,24,18.8125,0.0,0.0
32,16,27,20.5,0.0,0.0
23,16,18,20.0,0.0,0.0
27,13,12,22.384615384615383,0.0,0.0
30,14,31,21.0,0.0,0.0
26,15,4,18.333333333333332,0.0,0.0
27,16,1,16.6875,0.0,0.0
34,13,16,21.615384615384617,0.0,0.0
28,16,26,17.75,0.0,0.0
22,15,27,15.4,0.0,0.0
25,14,22,19.5,0.0,0.0
31,15,5,15.6,0.0,0.0
36,14,0,15.928571428571429,0.0,0.0
23,16,19,14.5625,0.0,0.0
24,14,5,15.357142857142858,0.0,0.0
26,10,6,21.1,0.0,0.0
32,11,5,15.0,0.0,0.0
31,11,16,16.272727272727273,0.0,0.0
31,10,21,18.0,0.0,0.0
25,7,9,19.714285714285715,0.0,0.0
25,9,20,14.11111111111111,0.0,0.0
23,9,1,13.0,0.0,0.0
25,7,20,17.857142857142858,0.0,0.0
31,7,9,20.571428571428573,0.0,0.0
32,8,1,15.5,0.0,0.0
32,5,9,24.8,0.0,0.0
30,6,1,15.666666666666666,0.0,0.0
30,7,5,15.571428571428571,0.0,0.0
30,7,16,13.142857142857142,0.0,0.0
25,6,5,16.166666666666668,0.0,0.0
37,9,21,11.444444444444445,0.0,0.0
25,6,6,14.333333333333334,0.0,0.0
37,8,12,8.5,0.0,0.0
23,8,5,7.75,0.0,0.0
29,4,22,16.0,0.0,0.0
28,7,1,8.285714285714286,0.0,0.0
29,6,16,9.5,0.0,0.0
39,5,4,10.8,0.0,0.0
25,6,27,6.166666666666667,0.0,0.0
31,4,31,11.0,0.0,0.0
25,4,27,6.5,0.0,0.0
24,4,20,5.75,0.0,0.0
29,14,6,1.3571428571428572,0.0,0.0
27,6,21,3.0,0.0,0.0
30,6,0,2.8333333333333335,0.0,0.0
24,4,0,3.75,0.0,0.0
34,16,25,1.1875,0.0,0.0
27,1,31,12.0,0.0,0.0
27,4,30,2.0,0.0,0.0
30,1,0,3.0,0.0,0.0
25,3,16,3.3333333333333335,0.0,0.0
31,3,25,1.6666666666666667,0.0,0.0
23,2,26,3.5,0.0,0.0
40,1,18,3.0,0.0,0.0
28,1,21,6.0,0.0,0.0
34,16,6,0.0625,0.0,0.0
23,16,5,0.4375,0.0,0.0
26,16,21,0.0625,0.0,0.0
22,16,19,0.0625,0.0,0.0
26,16,22,0.0625,0.0,0.0
24,16,25,0.0625,0.0,0.0
24,2,21,1.5,0.0,0.0
28,16,21,0.0625,0.0,0.0
23,15,6,0.06666666666666667,0.0,0.0
36,4,24,0.75,0.0,0.0
23,16,18,0.0625,0.0,0.0
31,16,24,0.0625,0.0,0.0
28,6,1,0.16666666666666666,0.0,0.0
25,16,0,0.0625,0.0,0.0
31,15,24,0.06666666666666667,0.0,0.0
28,16,21,0.0625,0.0,0.0
26,1,9,2.0,0.0,0.0
27,16,19,0.0625,0.0,0.0
32,2,10,1.0,0.0,0.0
24,2,17,0.5,0.0,0.0
30,16,9,23.4375,0.0,0.0
25,16,13,21.4375,0.0,0.0
32,16,25,19.625,0.0,0.0
25,16,30,19.5,0.0,0.0
36,16,22,22.5625,0.0,0.0
31,16,25,18.5,0.0,0.0
29,16,21,20.4375,0.0,0.0
27,16,26,19.0,0.0,0.0
31,16,27,19.75,0.0,0.0
39,16,18,18.375,0.0,0.0
33,16,16,21.25,0.0,0.0
28,15,24,17.6,0.0,0.0
30,16,16,17.0625,0.0,0.0
25,16,6,17.8125,0.0,0.0
29,16,31,19.5625,0.0,0.0
29,16,5,16.625,0.0,0.0
24,16,22,17.0,0.0,0.0
31,14,5,18.928571428571427,0.0,0.0
29,15,0,19.533333333333335,0.0,0.0
36,14,27,15.928571428571429,0.0,0.0
24,15,17,17.6,0.0,0.0
26,15,12,18.333333333333332,0.0,0.0
38,16,4,16.25,0.0,0.0
24,11,0,21.363636363636363,0.0,0.0
27,10,5,19.8,0.0,0.0
28,15,1,13.2,0.0,0.0
30,14,21,16.285714285714285,0.0,0.0
31,12,10,14.833333333333334,0.0,0.0
26,13,1,13.538461538461538,0.0,0.0
28,8,10,16.75,0.0,0.0
24,8,20,11.25,0.0,0.0
29,6,1,12.166666666666666,0.0,0.0
34,4,5,23.0,0.0,0.0
29,5,0,10.2,0.0,0.0
21,8,27,6.25,0.0,0.0
31,4,21,21.0,0.0,0.0
22,8,5,6.625,0.0,0.0
38,6,5,9.0,0.0,0.0
25,4,20,12.0,0.0,0.0
35,5,24,8.4,0.0,0.0
25,4,20,11.25,0.0,0.0
23,3,0,16.0,0.0,0.0
29,2,17,20.0,0.0,0.0
26,6,20,5.333333333333333,0.0,0.0
24,4,20,6.5,0.0,0.0
30,4,12,7.5,0.0,0.0
22,1,18,15.0,0.0,0.0
24,3,16,7.0,0.0,0.0
24,1,10,15.0,0.0,0.0
34,2,1,11.5,0.0,0.0
30,3,5,2.3333333333333335,0.0,0.0
24,1,6,10.0,0.0,0.0
26,3,0,5.666666666666667,0.0,0.0
33,3,1,4.333333333333333,0.0,0.0
25,1,1,9.0,0.0,0.0
28,1,22,7.0,0.0,0.0
25,2,4,5.0,0.0,0.0
24,1,12,7.0,0.0,0.0
27,16,17,0.0625,0.0,0.0
28,16,6,0.3125,0.0,0.0
24,16,9,0.0625,0.0,0.0
29,10,16,0.2,0.0,0.0
30,1,25,3.0,0.0,0.0
25,16,25,0.0625,0.0,0.0
35,16,27,0.125,0.0,0.0
30,16,13,0.0625,0.0,0.0
33,1,31,4.0,0.0,0.0
26,2,31,2.5,0.0,0.0
25,16,21,0.0625,0.0,0.0
27,2,0,2.0,0.0,0.0
22,1,22,3.0,0.0,0.0
29,11,5,0.09090909090909091,0.0,0.0
27,16,1,0.0625,0.0,0.0
24,16,0,0.0625,0.0,0.0
27,16,21,0.0625,0.0,0.0
25,15,17,0.06666666666666667,0.0,0.0
24,3,27,1.0,0.0,0.0
31,5,9,0.6,0.0,0.0
24,3,27,0.6666666666666666,0.0,0.0
30,16,24,0.0625,0.0,0.0
27,12,21,0.08333333333333333,0.0,0.0
28,16,4,0.0625,0.0,0.0
23,16,30,0.0625,0.0,0.0
35,15,4,0.06666666666666667,0.0,0.0
30,16,20,0.0625,0.0,0.0
28,16,5,0.0625,0.0,0.0
24,16,13,22.3125,0.0,0.0
30,16,27,22.1875,0.0,0.0
30,15,25,21.733333333333334,0.0,0.0
23,16,0,18.5625,0.0,0.0
31,16,25,21.125,0.0,0.0
37,16,4,20.5,0.0,0.0
35,16,0,20.25,0.0,0.0
28,16,21,19.4375,0.0,0.0
35,16,22,17.75,0.0,0.0
29,11,9,21.363636363636363,0.0,0.0
24,16,6,20.625,0.0,0.0
28,16,17,19.5,0.0,0.0
26,14,26,19.285714285714285,0.0,0.0
27,16,24,15.5,0.0,0.0
23,16,16,14.5625,0.0,0.0
25,10,12,21.6,0.0,0.0
28,15,1,17.266666666666666,0.0,0.0
32,12,1,19.0,0.0,0.0
26,15,5,14.733333333333333,0.0,0.0
29,15,16,13.6,0.0,0.0
35,14,27,13.714285714285714,0.0,0.0
27,12,10,14.583333333333334,0.0,0.0
30,8,9,18.125,0.0,0.0
30,11,30,16.727272727272727,0.0,0.0
24,11,18,14.636363636363637,0.0,0.0
28,16,5,9.4375,0.0,0.0
29,10,12,13.8,0.0,0.0
38,11,10,12.0,0.0,0.0
23,10,21,15.4,0.0,0.0
34,11,20,14.181818181818182,0.0,0.0
27,11,5,13.636363636363637,0.0,0.0
24,8,30,14.125,0.0,0.0
28,11,5,12.181818181818182,0.0,0.0
23,7,22,19.571428571428573,0.0,0.0
37,7,18,17.571428571428573,0.0,0.0
33,6,1,18.833333333333332,0.0,0.0
25,12,31,9.833333333333334,0.0,0.0
32,11,22,10.636363636363637,0.0,0.0
32,8,31,11.125,0.0,0.0
30,6,21,17.0,0.0,0.0
32,12,5,5.5,0.0,0.0
37,6,20,12.333333333333334,0.0,0.0
24,5,1,9.8,0.0,0.0
34,7,24,5.142857142857143,0.0,0.0
27,5,27,11.4,0.0,0.0
28,5,5,11.2,0.0,0.0
30,6,26,6.666666666666667,0.0,0.0
23,4,27,9.0,0.0,0.0
29,3,21,15.666666666666666,0.0,0.0
27,16,16,2.4375,0.0,0.0
30,5,20,4.4,0.0,0.0
25,6,18,4.5,0.0,0.0
24,4,20,5.5,0.0,0.0
44,2,25,7.5,0.0,0.0
28,7,4,3.0,0.0,0.0
22,7,22,3.142857142857143,0.0,0.0
30,1,27,10.0,0.0,0.0
27,5,0,3.2,0.0,0.0
25,16,25,0.625,0.0,0.0
38,2,0,5.0,0.0,0.0
24,8,17,0.375,0.0,0.0
24,1,4,2.0,0.0,0.0
30,1,10,4.0,0.0,0.0
33,1,17,11.0,0.0,0.0
24,3,26,2.0,0.0,0.0
23,1,20,3.0,0.0,0.0
29,16,24,0.125,0.0,0.0
34,16,10,0.0625,0.0,0.0
23,10,30,0.1,0.0,0.0
23,15,25,0.06666666666666667,0.0,0.0
24,16,22,0.0625,0.0,0.0
32,16,6,0.0625,0.0,0.0
23,2,5,1.0,0.0,0.0
28,3,16,1.0,0.0,0.0
39,16,17,0.0625,0.0,0.0
27,16,4,0.0625,0.0,0.0
34,9,21,0.1111111111111111,0.0,0.0
23,1,22,1.0,0.0,0.0
23,1,17,1.0,0.0,0.0
26,15,5,0.06666666666666667,0.0,0.0
22,1,1,2.0,0.0,0.0
23,1,27,1.0,0.0,0.0
